Code,Last Price,Updated At
AALI,7425.0,2025-09-10 09:03:42
ABBA,43.0,2025-09-10 09:03:42
ABDA,3400.0,2025-09-10 09:03:42
ABMM,2910.0,2025-09-10 09:03:43
ACES,424.0,2025-09-10 09:03:43
ACST,135.0,2025-09-10 09:03:43
ADES,13300.0,2025-09-10 09:03:43
ADHI,278.0,2025-09-10 09:03:43
ADMF,8875.0,2025-09-10 09:03:43
ADMG,144.0,2025-09-10 09:03:43
ADRO,1685.0,2025-09-10 09:03:44
AGII,775.0,2025-09-10 09:03:44
AGRO,226.0,2025-09-10 09:03:44
AGRS,74.0,2025-09-10 09:03:44
AHAP,76.0,2025-09-10 09:03:44
AIMS,320.0,2025-09-10 09:03:44
AISA,119.0,2025-09-10 09:03:44
AKKU,27.0,2025-09-10 09:03:45
AKPI,570.0,2025-09-10 09:03:45
AKRA,1220.0,2025-09-10 09:03:45
AKSI,240.0,2025-09-10 09:03:45
ALDO,490.0,2025-09-10 09:03:45
ALKA,318.0,2025-09-10 09:03:45
ALMI,74.0,2025-09-10 09:03:45
ALTO,18.0,2025-09-10 09:03:46
AMAG,362.0,2025-09-10 09:03:46
AMFG,3290.0,2025-09-10 09:03:46
AMIN,274.0,2025-09-10 09:03:46
AMRT,2050.0,2025-09-10 09:03:46
ANJT,1795.0,2025-09-10 09:03:46
ANTM,3660.0,2025-09-10 09:03:47
APEX,119.0,2025-09-10 09:03:47
APIC,1125.0,2025-09-10 09:03:47
APII,179.0,2025-09-10 09:03:47
APLI,472.0,2025-09-10 09:03:47
APLN,102.0,2025-09-10 09:03:47
ARGO,1300.0,2025-09-10 09:03:48
ARII,252.0,2025-09-10 09:03:48
ARNA,560.0,2025-09-10 09:03:48
ARTA,3240.0,2025-09-10 09:03:48
ARTI,2.0,2025-09-10 09:03:48
ARTO,1970.0,2025-09-10 09:03:48
ASBI,438.0,2025-09-10 09:03:48
ASDM,530.0,2025-09-10 09:03:49
ASGR,1220.0,2025-09-10 09:03:49
ASII,5525.0,2025-09-10 09:03:49
ASJT,110.0,2025-09-10 09:03:49
ASMI,34.0,2025-09-10 09:03:49
ASRI,168.0,2025-09-10 09:03:49
ASRM,276.0,2025-09-10 09:03:49
ASSA,900.0,2025-09-10 09:03:50
ATIC,442.0,2025-09-10 09:03:50
AUTO,2430.0,2025-09-10 09:03:50
BABP,58.0,2025-09-10 09:03:50
BACA,134.0,2025-09-10 09:03:50
BAJA,120.0,2025-09-10 09:03:50
BALI,1340.0,2025-09-10 09:03:51
BAPA,86.0,2025-09-10 09:03:51
BATA,52.0,2025-09-10 09:03:51
BAYU,1280.0,2025-09-10 09:03:52
BBCA,7525.0,2025-09-10 09:03:52
BBHI,1470.0,2025-09-10 09:03:52
BBKP,74.0,2025-09-10 09:03:52
BBLD,930.0,2025-09-10 09:03:52
BBMD,2090.0,2025-09-10 09:03:52
BBNI,4080.0,2025-09-10 09:03:52
BBRI,3790.0,2025-09-10 09:03:53
BBRM,86.0,2025-09-10 09:03:53
BBTN,1220.0,2025-09-10 09:03:53
BBYB,318.0,2025-09-10 09:03:53
BCAP,69.0,2025-09-10 09:03:53
BCIC,170.0,2025-09-10 09:03:53
BCIP,95.0,2025-09-10 09:03:53
BDMN,2510.0,2025-09-10 09:03:54
BEKS,25.0,2025-09-10 09:03:54
BEST,114.0,2025-09-10 09:03:54
BFIN,750.0,2025-09-10 09:03:54
BGTG,105.0,2025-09-10 09:03:54
BHIT,34.0,2025-09-10 09:03:54
BIKA,55.0,2025-09-10 09:03:54
BIMA,69.0,2025-09-10 09:03:55
BINA,4450.0,2025-09-10 09:03:55
BIPI,78.0,2025-09-10 09:03:55
BIPP,47.0,2025-09-10 09:03:55
BIRD,1760.0,2025-09-10 09:03:55
BISI,875.0,2025-09-10 09:03:55
BJBR,765.0,2025-09-10 09:03:55
BJTM,505.0,2025-09-10 09:03:55
BKDP,38.0,2025-09-10 09:03:56
BKSL,130.0,2025-09-10 09:03:56
BKSW,67.0,2025-09-10 09:03:56
BLTA,40.0,2025-09-10 09:03:56
BLTZ,1800.0,2025-09-10 09:03:56
BMAS,675.0,2025-09-10 09:03:56
BMRI,4310.0,2025-09-10 09:03:56
BMSR,258.0,2025-09-10 09:03:56
BMTR,142.0,2025-09-10 09:03:57
BNBA,765.0,2025-09-10 09:03:57
BNBR,37.0,2025-09-10 09:03:57
BNGA,1690.0,2025-09-10 09:03:57
BNII,206.0,2025-09-10 09:03:57
BNLI,3070.0,2025-09-10 09:03:57
BOLT,1055.0,2025-09-10 09:03:57
BPFI,336.0,2025-09-10 09:03:58
BPII,580.0,2025-09-10 09:03:58
BRAM,5100.0,2025-09-10 09:03:58
BRMS,510.0,2025-09-10 09:03:58
BRNA,710.0,2025-09-10 09:03:58
BRPT,2150.0,2025-09-10 09:03:58
BSDE,1085.0,2025-09-10 09:03:58
BSIM,850.0,2025-09-10 09:03:59
BSSR,3910.0,2025-09-10 09:03:59
BSWD,1410.0,2025-09-10 09:03:59
BTEK,18.0,2025-09-10 09:03:59
BTEL,50.0,2025-09-10 09:03:59
BTON,380.0,2025-09-10 09:04:00
BTPN,2100.0,2025-09-10 09:04:00
BUDI,214.0,2025-09-10 09:04:00
BUKK,865.0,2025-09-10 09:04:00
BULL,152.0,2025-09-10 09:04:00
BUMI,110.0,2025-09-10 09:04:00
BUVA,348.0,2025-09-10 09:04:00
BVIC,105.0,2025-09-10 09:04:01
BWPT,144.0,2025-09-10 09:04:01
BYAN,17925.0,2025-09-10 09:04:01
CANI,40.0,2025-09-10 09:04:01
CASS,2490.0,2025-09-10 09:04:01
CEKA,2630.0,2025-09-10 09:04:02
CENT,113.0,2025-09-10 09:04:02
CFIN,316.0,2025-09-10 09:04:02
CINT,160.0,2025-09-10 09:04:02
CITA,4130.0,2025-09-10 09:04:02
CLPI,1235.0,2025-09-10 09:04:02
CMNP,1350.0,2025-09-10 09:04:03
CMPP,93.0,2025-09-10 09:04:03
CNKO,98.0,2025-09-10 09:04:03
CNTX,142.0,2025-09-10 09:04:03
COWL,50.0,2025-09-10 09:04:03
CPIN,4480.0,2025-09-10 09:04:03
CPRO,55.0,2025-09-10 09:04:03
CSAP,292.0,2025-09-10 09:04:04
CTBN,5125.0,2025-09-10 09:04:04
CTRA,945.0,2025-09-10 09:04:04
CTTH,39.0,2025-09-10 09:04:04
DART,154.0,2025-09-10 09:04:04
DEFI,324.0,2025-09-10 09:04:05
DEWA,218.0,2025-09-10 09:04:05
DGIK,95.0,2025-09-10 09:04:05
DILD,133.0,2025-09-10 09:04:05
DKFT,710.0,2025-09-10 09:04:05
DLTA,1970.0,2025-09-10 09:04:05
DMAS,136.0,2025-09-10 09:04:05
DNAR,117.0,2025-09-10 09:04:06
DNET,9050.0,2025-09-10 09:04:06
DOID,362.0,2025-09-10 09:04:06
DPNS,302.0,2025-09-10 09:04:06
DSFI,79.0,2025-09-10 09:04:06
DSNG,1865.0,2025-09-10 09:04:06
DSSA,103025.0,2025-09-10 09:04:07
DUTI,4400.0,2025-09-10 09:04:07
DVLA,1615.0,2025-09-10 09:04:07
DYAN,87.0,2025-09-10 09:04:07
ECII,181.0,2025-09-10 09:04:07
EKAD,188.0,2025-09-10 09:04:07
ELSA,490.0,2025-09-10 09:04:08
ELTY,17.0,2025-09-10 09:04:08
EMDE,94.0,2025-09-10 09:04:08
EMTK,1240.0,2025-09-10 09:04:08
ENRG,605.0,2025-09-10 09:04:08
EPMT,2280.0,2025-09-10 09:04:08
ERAA,442.0,2025-09-10 09:04:09
ERTX,120.0,2025-09-10 09:04:09
ESSA,625.0,2025-09-10 09:04:09
ESTI,52.0,2025-09-10 09:04:09
ETWA,70.0,2025-09-10 09:04:09
EXCL,2590.0,2025-09-10 09:04:09
FAST,314.0,2025-09-10 09:04:10
FASW,5312.4970703125,2025-09-10 09:04:10
FISH,1035.0,2025-09-10 09:04:10
FMII,364.0,2025-09-10 09:04:10
FORU,1160.0,2025-09-10 09:04:10
FPNI,193.0,2025-09-10 09:04:10
GAMA,18.0,2025-09-10 09:04:11
GDST,107.0,2025-09-10 09:04:11
GDYR,1150.0,2025-09-10 09:04:11
GEMA,112.0,2025-09-10 09:04:11
GEMS,9000.0,2025-09-10 09:04:11
GGRM,8900.0,2025-09-10 09:04:11
GIAA,67.0,2025-09-10 09:04:12
GJTL,1010.0,2025-09-10 09:04:12
GLOB,57.0,2025-09-10 09:04:12
GMTD,2190.0,2025-09-10 09:04:12
GOLD,272.0,2025-09-10 09:04:12
GOLL,50.0,2025-09-10 09:04:12
GPRA,128.0,2025-09-10 09:04:12
GSMF,94.0,2025-09-10 09:04:12
GTBO,195.0,2025-09-10 09:04:13
GWSA,152.0,2025-09-10 09:04:13
GZCO,204.0,2025-09-10 09:04:13
HADE,39.0,2025-09-10 09:04:13
HDFA,123.0,2025-09-10 09:04:13
HERO,394.0,2025-09-10 09:04:13
HEXA,5425.0,2025-09-10 09:04:14
HITS,116.0,2025-09-10 09:04:14
HMSP,565.0,2025-09-10 09:04:14
HOME,50.0,2025-09-10 09:04:14
HOTL,50.0,2025-09-10 09:04:15
HRUM,1090.0,2025-09-10 09:04:15
IATA,62.0,2025-09-10 09:04:15
IBFN,27.0,2025-09-10 09:04:15
IBST,5575.0,2025-09-10 09:04:15
ICBP,9225.0,2025-09-10 09:04:15
ICON,47.0,2025-09-10 09:04:15
IGAR,510.0,2025-09-10 09:04:15
IIKP,50.0,2025-09-10 09:04:16
IKAI,26.0,2025-09-10 09:04:16
IKBI,498.0,2025-09-10 09:04:16
IMAS,1080.0,2025-09-10 09:04:16
IMJS,230.0,2025-09-10 09:04:16
IMPC,1380.0,2025-09-10 09:04:16
INAF,126.0,2025-09-10 09:04:16
INAI,155.0,2025-09-10 09:04:16
INCI,600.0,2025-09-10 09:04:17
INCO,3950.0,2025-09-10 09:04:17
INDF,7350.0,2025-09-10 09:04:17
INDR,2580.0,2025-09-10 09:04:17
INDS,220.0,2025-09-10 09:04:17
INDX,86.0,2025-09-10 09:04:18
INDY,1895.0,2025-09-10 09:04:18
INKP,7600.0,2025-09-10 09:04:18
INPC,163.0,2025-09-10 09:04:18
INPP,800.0,2025-09-10 09:04:18
INRU,735.0,2025-09-10 09:04:18
INTA,23.0,2025-09-10 09:04:18
INTD,199.0,2025-09-10 09:04:19
INTP,6950.0,2025-09-10 09:04:19
IPOL,138.0,2025-09-10 09:04:19
ISAT,1850.0,2025-09-10 09:04:19
ISSP,412.0,2025-09-10 09:04:19
ITMA,1095.0,2025-09-10 09:04:19
ITMG,22250.0,2025-09-10 09:04:19
JAWA,144.0,2025-09-10 09:04:20
JECC,1070.0,2025-09-10 09:04:20
JIHD,650.0,2025-09-10 09:04:20
JKON,83.0,2025-09-10 09:04:20
JPFA,1785.0,2025-09-10 09:04:20
JRPT,800.0,2025-09-10 09:04:20
JSMR,3380.0,2025-09-10 09:04:20
JSPT,3930.0,2025-09-10 09:04:21
JTPE,322.0,2025-09-10 09:04:21
KAEF,492.0,2025-09-10 09:04:21
KARW,625.0,2025-09-10 09:04:21
KBLI,374.0,2025-09-10 09:04:21
KBLM,378.0,2025-09-10 09:04:21
KBLV,230.0,2025-09-10 09:04:21
KBRI,50.0,2025-09-10 09:04:22
KDSI,460.0,2025-09-10 09:04:22
KIAS,21.0,2025-09-10 09:04:22
KICI,137.0,2025-09-10 09:04:22
KIJA,197.0,2025-09-10 09:04:22
KKGI,320.0,2025-09-10 09:04:22
KLBF,1140.0,2025-09-10 09:04:22
KOBX,138.0,2025-09-10 09:04:23
KOIN,73.0,2025-09-10 09:04:23
KONI,1950.0,2025-09-10 09:04:23
KOPI,334.0,2025-09-10 09:04:23
KPIG,196.0,2025-09-10 09:04:23
KRAS,294.0,2025-09-10 09:04:23
KREN,17.0,2025-09-10 09:04:23
LAPD,118.0,2025-09-10 09:04:23
LCGP,114.0,2025-09-10 09:04:24
LEAD,75.0,2025-09-10 09:04:24
LINK,2700.0,2025-09-10 09:04:24
LION,550.0,2025-09-10 09:04:24
LMAS,50.0,2025-09-10 09:04:24
LMPI,142.0,2025-09-10 09:04:24
LMSH,256.0,2025-09-10 09:04:24
LPCK,600.0,2025-09-10 09:04:24
LPGI,440.0,2025-09-10 09:04:25
LPIN,410.0,2025-09-10 09:04:25
LPKR,100.0,2025-09-10 09:04:25
LPLI,306.0,2025-09-10 09:04:25
LPPF,1560.0,2025-09-10 09:04:25
LPPS,78.0,2025-09-10 09:04:25
LRNA,169.0,2025-09-10 09:04:25
LSIP,1355.0,2025-09-10 09:04:26
LTLS,830.0,2025-09-10 09:04:26
MAGP,50.0,2025-09-10 09:04:26
MAIN,680.0,2025-09-10 09:04:26
MAPI,1120.0,2025-09-10 09:04:26
MASA,6200.0,2025-09-10 09:04:26
MAYA,226.0,2025-09-10 09:04:26
MBAP,1585.0,2025-09-10 09:04:27
MBSS,1560.0,2025-09-10 09:04:27
MBTO,123.0,2025-09-10 09:04:27
MCOR,75.0,2025-09-10 09:04:27
MDIA,41.0,2025-09-10 09:04:27
MDKA,2700.0,2025-09-10 09:04:27
MDLN,66.0,2025-09-10 09:04:27
MDRN,33.0,2025-09-10 09:04:28
MEDC,1230.0,2025-09-10 09:04:28
MEGA,3330.0,2025-09-10 09:04:28
MERK,2810.0,2025-09-10 09:04:28
META,238.0,2025-09-10 09:04:28
MFIN,985.0,2025-09-10 09:04:28
MFMI,1300.0,2025-09-10 09:04:29
MGNA,50.0,2025-09-10 09:04:29
MICE,488.0,2025-09-10 09:04:29
MIDI,452.0,2025-09-10 09:04:29
MIKA,2350.0,2025-09-10 09:04:29
MIRA,65.0,2025-09-10 09:04:29
MITI,362.0,2025-09-10 09:04:29
MKPI,24950.0,2025-09-10 09:04:30
MLBI,5800.0,2025-09-10 09:04:30
MLIA,350.0,2025-09-10 09:04:30
MLPL,136.0,2025-09-10 09:04:30
MLPT,72500.0,2025-09-10 09:04:30
MMLP,530.0,2025-09-10 09:04:30
MNCN,254.0,2025-09-10 09:04:30
MPMX,945.0,2025-09-10 09:04:30
MPPA,69.0,2025-09-10 09:04:31
MRAT,220.0,2025-09-10 09:04:31
MREI,945.0,2025-09-10 09:04:31
MSKY,94.0,2025-09-10 09:04:31
MTDL,605.0,2025-09-10 09:04:31
MTFN,14.0,2025-09-10 09:04:31
MTLA,436.0,2025-09-10 09:04:31
MTSM,500.0,2025-09-10 09:04:32
MYOH,1770.0,2025-09-10 09:04:32
MYOR,2120.0,2025-09-10 09:04:32
MYTX,36.0,2025-09-10 09:04:32
NELY,344.0,2025-09-10 09:04:32
NIKL,228.0,2025-09-10 09:04:32
NIRO,124.0,2025-09-10 09:04:32
NISP,1350.0,2025-09-10 09:04:33
NOBU,545.0,2025-09-10 09:04:33
NRCA,950.0,2025-09-10 09:04:33
OCAP,159.0,2025-09-10 09:04:33
OKAS,282.0,2025-09-10 09:04:33
OMRE,426.0,2025-09-10 09:04:33
PADI,74.0,2025-09-10 09:04:33
PALM,430.0,2025-09-10 09:04:33
PANR,725.0,2025-09-10 09:04:34
PANS,1370.0,2025-09-10 09:04:34
PBRX,46.0,2025-09-10 09:04:34
PDES,470.0,2025-09-10 09:04:34
PEGE,114.0,2025-09-10 09:04:34
PGAS,1725.0,2025-09-10 09:04:34
PGLI,183.0,2025-09-10 09:04:34
PICO,133.0,2025-09-10 09:04:35
PJAA,505.0,2025-09-10 09:04:35
PKPK,580.0,2025-09-10 09:04:35
PLAS,50.0,2025-09-10 09:04:35
PLIN,2510.0,2025-09-10 09:04:35
PNBN,1130.0,2025-09-10 09:04:35
PNBS,54.0,2025-09-10 09:04:35
PNIN,820.0,2025-09-10 09:04:35
PNLF,246.0,2025-09-10 09:04:36
PNSE,770.0,2025-09-10 09:04:36
POLY,29.0,2025-09-10 09:04:36
POOL,50.0,2025-09-10 09:04:36
PPRO,21.0,2025-09-10 09:04:36
PSAB,570.0,2025-09-10 09:04:36
PSDN,105.0,2025-09-10 09:04:36
PSKT,107.0,2025-09-10 09:04:37
PTBA,2400.0,2025-09-10 09:04:37
PTIS,408.0,2025-09-10 09:04:37
PTPP,350.0,2025-09-10 09:04:37
PTRO,3470.0,2025-09-10 09:04:37
PTSN,468.0,2025-09-10 09:04:37
PTSP,905.0,2025-09-10 09:04:37
PUDP,230.0,2025-09-10 09:04:37
PWON,366.0,2025-09-10 09:04:38
PYFA,490.0,2025-09-10 09:04:38
RAJA,2700.0,2025-09-10 09:04:38
RALS,386.0,2025-09-10 09:04:38
RANC,418.0,2025-09-10 09:04:38
RBMS,40.0,2025-09-10 09:04:38
RDTX,11875.0,2025-09-10 09:04:38
RELI,640.0,2025-09-10 09:04:39
RICY,71.0,2025-09-10 09:04:39
RIGS,785.0,2025-09-10 09:04:39
RIMO,50.0,2025-09-10 09:04:39
RODA,52.0,2025-09-10 09:04:39
ROTI,795.0,2025-09-10 09:04:39
RUIS,216.0,2025-09-10 09:04:39
SAFE,180.0,2025-09-10 09:04:39
SAME,306.0,2025-09-10 09:04:40
SCCO,2270.0,2025-09-10 09:04:40
SCMA,314.0,2025-09-10 09:04:40
SCPI,0.0,2025-09-10 09:04:40
SDMU,66.0,2025-09-10 09:04:40
SDPC,131.0,2025-09-10 09:04:40
SDRA,300.0,2025-09-10 09:04:40
SGRO,4520.0,2025-09-10 09:04:40
SHID,875.0,2025-09-10 09:04:41
SIDO,530.0,2025-09-10 09:04:41
SILO,2100.0,2025-09-10 09:04:41
SIMA,50.0,2025-09-10 09:04:41
SIMP,650.0,2025-09-10 09:04:41
SIPD,725.0,2025-09-10 09:04:41
SKBM,348.0,2025-09-10 09:04:41
SKLT,184.0,2025-09-10 09:04:41
SKYB,51.0,2025-09-10 09:04:42
SMAR,5275.0,2025-09-10 09:04:42
SMBR,290.0,2025-09-10 09:04:42
SMCB,775.0,2025-09-10 09:04:42
SMDM,805.0,2025-09-10 09:04:42
SMDR,324.0,2025-09-10 09:04:42
SMGR,2740.0,2025-09-10 09:04:42
SMMA,15600.0,2025-09-10 09:04:43
SMMT,1270.0,2025-09-10 09:04:43
SMRA,440.0,2025-09-10 09:04:43
SMRU,50.0,2025-09-10 09:04:43
SMSM,1915.0,2025-09-10 09:04:43
SOCI,190.0,2025-09-10 09:04:43
SONA,4140.0,2025-09-10 09:04:43
SPMA,280.0,2025-09-10 09:04:44
SQMI,43.0,2025-09-10 09:04:44
SRAJ,8450.0,2025-09-10 09:04:44
SRIL,146.0,2025-09-10 09:04:44
SRSN,72.0,2025-09-10 09:04:44
SRTG,2000.0,2025-09-10 09:04:44
SSIA,2140.0,2025-09-10 09:04:44
SSMS,1415.0,2025-09-10 09:04:45
SSTM,312.0,2025-09-10 09:04:45
STAR,56.0,2025-09-10 09:04:45
STTP,10100.0,2025-09-10 09:04:45
SUGI,50.0,2025-09-10 09:04:45
SULI,93.0,2025-09-10 09:04:45
SUPR,43850.0,2025-09-10 09:04:45
TALF,400.0,2025-09-10 09:04:45
TARA,39.0,2025-09-10 09:04:46
TAXI,16.0,2025-09-10 09:04:46
TBIG,1855.0,2025-09-10 09:04:46
TBLA,730.0,2025-09-10 09:04:46
TBMS,1005.0,2025-09-10 09:04:46
TCID,2410.0,2025-09-10 09:04:46
TELE,9.0,2025-09-10 09:04:46
TFCO,498.0,2025-09-10 09:04:46
TGKA,5700.0,2025-09-10 09:04:47
TIFA,394.0,2025-09-10 09:04:47
TINS,1105.0,2025-09-10 09:04:47
TIRA,1485.0,2025-09-10 09:04:47
TIRT,44.0,2025-09-10 09:04:47
TKIM,7350.0,2025-09-10 09:04:47
TLKM,3050.0,2025-09-10 09:04:47
TMAS,135.0,2025-09-10 09:04:48
TMPO,177.0,2025-09-10 09:04:48
TOBA,1270.0,2025-09-10 09:04:48
TOTL,770.0,2025-09-10 09:04:48
TOTO,258.0,2025-09-10 09:04:48
TOWR,590.0,2025-09-10 09:04:48
TPIA,7575.0,2025-09-10 09:04:49
TPMA,575.0,2025-09-10 09:04:49
TRAM,50.0,2025-09-10 09:04:49
TRIL,50.0,2025-09-10 09:04:49
TRIM,358.0,2025-09-10 09:04:49
TRIO,426.0,2025-09-10 09:04:49
TRIS,182.0,2025-09-10 09:04:49
TRST,496.0,2025-09-10 09:04:50
TRUS,474.0,2025-09-10 09:04:50
TSPC,2230.0,2025-09-10 09:04:50
ULTJ,1275.0,2025-09-10 09:04:50
UNIC,7900.0,2025-09-10 09:04:50
UNIT,316.0,2025-09-10 09:04:50
UNSP,163.0,2025-09-10 09:04:51
UNTR,27200.0,2025-09-10 09:04:51
UNVR,1655.0,2025-09-10 09:04:51
VICO,180.0,2025-09-10 09:04:51
VINS,122.0,2025-09-10 09:04:51
VIVA,34.0,2025-09-10 09:04:51
VOKS,240.0,2025-09-10 09:04:51
VRNA,86.0,2025-09-10 09:04:51
WAPO,193.0,2025-09-10 09:04:52
WEHA,114.0,2025-09-10 09:04:52
WICO,123.0,2025-09-10 09:04:52
WIIM,810.0,2025-09-10 09:04:52
WIKA,204.0,2025-09-10 09:04:52
WINS,402.0,2025-09-10 09:04:52
WOMF,338.0,2025-09-10 09:04:52
WSKT,202.0,2025-09-10 09:04:53
WTON,105.0,2025-09-10 09:04:53
YPAS,354.0,2025-09-10 09:04:53
YULE,2700.0,2025-09-10 09:04:53
ZBRA,50.0,2025-09-10 09:04:53
SHIP,4600.0,2025-09-10 09:04:53
CASA,1130.0,2025-09-10 09:04:53
DAYA,1000.0,2025-09-10 09:04:53
DPUM,68.0,2025-09-10 09:04:54
IDPR,244.0,2025-09-10 09:04:54
JGLE,15.0,2025-09-10 09:04:54
KINO,1095.0,2025-09-10 09:04:54
MARI,36.0,2025-09-10 09:04:54
MKNT,1.0,2025-09-10 09:04:55
MTRA,244.0,2025-09-10 09:04:55
OASA,250.0,2025-09-10 09:04:55
POWR,695.0,2025-09-10 09:04:55
INCF,38.0,2025-09-10 09:04:55
WSBP,39.0,2025-09-10 09:04:55
PBSA,860.0,2025-09-10 09:04:55
PRDA,2660.0,2025-09-10 09:04:56
BOGA,570.0,2025-09-10 09:04:56
BRIS,2480.0,2025-09-10 09:04:56
PORT,915.0,2025-09-10 09:04:56
CARS,136.0,2025-09-10 09:04:56
MINA,163.0,2025-09-10 09:04:56
CLEO,510.0,2025-09-10 09:04:56
TAMU,27.0,2025-09-10 09:04:56
CSIS,131.0,2025-09-10 09:04:57
TGRA,27.0,2025-09-10 09:04:57
FIRE,81.0,2025-09-10 09:04:57
TOPS,1.0,2025-09-10 09:04:57
KMTR,296.0,2025-09-10 09:04:57
ARMY,50.0,2025-09-10 09:04:57
MAPB,1680.0,2025-09-10 09:04:57
WOOD,360.0,2025-09-10 09:04:57
HRTA,855.0,2025-09-10 09:04:57
MABA,50.0,2025-09-10 09:04:58
HOKI,79.0,2025-09-10 09:04:58
MPOW,114.0,2025-09-10 09:04:58
MARK,620.0,2025-09-10 09:04:58
NASA,41.0,2025-09-10 09:04:58
MDKI,160.0,2025-09-10 09:04:58
BELL,61.0,2025-09-10 09:04:58
KIOS,82.0,2025-09-10 09:04:59
GMFI,58.0,2025-09-10 09:04:59
MTWI,378.0,2025-09-10 09:04:59
ZINC,26.0,2025-09-10 09:04:59
MCAS,775.0,2025-09-10 09:04:59
PPRE,100.0,2025-09-10 09:04:59
WEGE,73.0,2025-09-10 09:04:59
PSSI,346.0,2025-09-10 09:05:00
MORA,436.0,2025-09-10 09:05:00
DWGL,222.0,2025-09-10 09:05:00
PBID,484.0,2025-09-10 09:05:00
JMAS,148.0,2025-09-10 09:05:00
CAMP,216.0,2025-09-10 09:05:00
IPCM,290.0,2025-09-10 09:05:00
PCAR,41.0,2025-09-10 09:05:00
LCKM,210.0,2025-09-10 09:05:01
BOSS,50.0,2025-09-10 09:05:01
HELI,246.0,2025-09-10 09:05:01
JSKY,52.0,2025-09-10 09:05:01
INPS,115.0,2025-09-10 09:05:01
GHON,1615.0,2025-09-10 09:05:01
TDPM,119.0,2025-09-10 09:05:01
DFAM,76.0,2025-09-10 09:05:01
NICK,1320.0,2025-09-10 09:05:01
BTPS,1375.0,2025-09-10 09:05:02
SPTO,670.0,2025-09-10 09:05:02
PRIM,84.0,2025-09-10 09:05:02
HEAL,1695.0,2025-09-10 09:05:02
TRUK,228.0,2025-09-10 09:05:02
PZZA,216.0,2025-09-10 09:05:02
TUGU,960.0,2025-09-10 09:05:02
MSIN,605.0,2025-09-10 09:05:02
SWAT,16.0,2025-09-10 09:05:03
TNCA,161.0,2025-09-10 09:05:03
MAPA,585.0,2025-09-10 09:05:03
TCPI,5725.0,2025-09-10 09:05:03
IPCC,1110.0,2025-09-10 09:05:03
RISE,1100.0,2025-09-10 09:05:03
BPTR,94.0,2025-09-10 09:05:03
POLL,112.0,2025-09-10 09:05:04
NFCX,1750.0,2025-09-10 09:05:04
MGRO,715.0,2025-09-10 09:05:04
NUSA,50.0,2025-09-10 09:05:04
FILM,3890.0,2025-09-10 09:05:04
ANDI,30.0,2025-09-10 09:05:04
LAND,37.0,2025-09-10 09:05:04
MOLI,226.0,2025-09-10 09:05:04
PANI,13175.0,2025-09-10 09:05:04
DIGI,32.0,2025-09-10 09:05:05
CITY,100.0,2025-09-10 09:05:05
SAPX,302.0,2025-09-10 09:05:05
SURE,2850.0,2025-09-10 09:05:05
HKMU,50.0,2025-09-10 09:05:05
MPRO,4490.0,2025-09-10 09:05:05
DUCK,176.0,2025-09-10 09:05:05
GOOD,370.0,2025-09-10 09:05:05
SKRN,404.0,2025-09-10 09:05:06
YELO,53.0,2025-09-10 09:05:06
CAKK,140.0,2025-09-10 09:05:06
SATU,238.0,2025-09-10 09:05:06
SOSS,1015.0,2025-09-10 09:05:06
DEAL,6.0,2025-09-10 09:05:06
POLA,28.0,2025-09-10 09:05:06
DIVA,119.0,2025-09-10 09:05:06
LUCK,78.0,2025-09-10 09:05:06
URBN,134.0,2025-09-10 09:05:07
SOTS,266.0,2025-09-10 09:05:07
ZONE,740.0,2025-09-10 09:05:07
PEHA,326.0,2025-09-10 09:05:07
FOOD,129.0,2025-09-10 09:05:07
BEEF,334.0,2025-09-10 09:05:07
POLI,725.0,2025-09-10 09:05:07
CLAY,1540.0,2025-09-10 09:05:07
NATO,130.0,2025-09-10 09:05:08
JAYA,99.0,2025-09-10 09:05:08
COCO,462.0,2025-09-10 09:05:08
MTPS,45.0,2025-09-10 09:05:08
CPRI,50.0,2025-09-10 09:05:08
HRME,39.0,2025-09-10 09:05:08
POSA,50.0,2025-09-10 09:05:08
JAST,97.0,2025-09-10 09:05:09
FITT,555.0,2025-09-10 09:05:09
BOLA,188.0,2025-09-10 09:05:09
CCSI,370.0,2025-09-10 09:05:09
SFAN,1910.0,2025-09-10 09:05:09
POLU,12400.0,2025-09-10 09:05:09
KJEN,125.0,2025-09-10 09:05:10
KAYU,18.0,2025-09-10 09:05:10
ITIC,236.0,2025-09-10 09:05:10
PAMG,73.0,2025-09-10 09:05:10
IPTV,40.0,2025-09-10 09:05:11
BLUE,316.0,2025-09-10 09:05:11
ENVY,50.0,2025-09-10 09:05:11
EAST,94.0,2025-09-10 09:05:11
LIFE,15400.0,2025-09-10 09:05:11
FUJI,408.0,2025-09-10 09:05:11
KOTA,30.0,2025-09-10 09:05:11
INOV,93.0,2025-09-10 09:05:11
ARKA,37.0,2025-09-10 09:05:12
SMKL,166.0,2025-09-10 09:05:12
HDIT,59.0,2025-09-10 09:05:12
KEEN,820.0,2025-09-10 09:05:12
BAPI,27.0,2025-09-10 09:05:12
TFAS,139.0,2025-09-10 09:05:12
GGRP,226.0,2025-09-10 09:05:12
OPMS,80.0,2025-09-10 09:05:13
NZIA,95.0,2025-09-10 09:05:13
SLIS,83.0,2025-09-10 09:05:13
PURE,51.0,2025-09-10 09:05:13
IRRA,428.0,2025-09-10 09:05:13
DMMX,384.0,2025-09-10 09:05:13
SINI,3740.0,2025-09-10 09:05:13
WOWS,90.0,2025-09-10 09:05:14
ESIP,45.0,2025-09-10 09:05:14
TEBE,1780.0,2025-09-10 09:05:14
KEJU,600.0,2025-09-10 09:05:14
PSGO,204.0,2025-09-10 09:05:14
AGAR,250.0,2025-09-10 09:05:14
IFSH,820.0,2025-09-10 09:05:14
REAL,67.0,2025-09-10 09:05:14
IFII,238.0,2025-09-10 09:05:15
PMJS,119.0,2025-09-10 09:05:15
UCID,464.0,2025-09-10 09:05:15
GLVA,326.0,2025-09-10 09:05:15
PGJO,915.0,2025-09-10 09:05:15
AMAR,206.0,2025-09-10 09:05:15
CSRA,860.0,2025-09-10 09:05:15
INDO,236.0,2025-09-10 09:05:16
AMOR,470.0,2025-09-10 09:05:16
TRIN,90.0,2025-09-10 09:05:16
DMND,580.0,2025-09-10 09:05:16
PURA,34.0,2025-09-10 09:05:16
PTPW,935.0,2025-09-10 09:05:16
TAMA,35.0,2025-09-10 09:05:16
IKAN,129.0,2025-09-10 09:05:16
SAMF,330.0,2025-09-10 09:05:16
SBAT,1.0,2025-09-10 09:05:17
KBAG,36.0,2025-09-10 09:05:17
CBMF,50.0,2025-09-10 09:05:17
RONY,2990.0,2025-09-10 09:05:17
CSMI,372.0,2025-09-10 09:05:17
BBSS,270.0,2025-09-10 09:05:17
BHAT,885.0,2025-09-10 09:05:17
CASH,91.0,2025-09-10 09:05:17
TECH,50.0,2025-09-10 09:05:18
EPAC,30.0,2025-09-10 09:05:18
UANG,1060.0,2025-09-10 09:05:18
PGUN,3850.0,2025-09-10 09:05:18
SOFA,53.0,2025-09-10 09:05:18
PPGL,104.0,2025-09-10 09:05:18
TOYS,8.0,2025-09-10 09:05:18
SGER,330.0,2025-09-10 09:05:18
TRJA,136.0,2025-09-10 09:05:19
PNGO,2350.0,2025-09-10 09:05:19
SCNP,188.0,2025-09-10 09:05:19
BBSI,4020.0,2025-09-10 09:05:19
KMDS,625.0,2025-09-10 09:05:19
PURI,187.0,2025-09-10 09:05:19
SOHO,745.0,2025-09-10 09:05:20
HOMI,208.0,2025-09-10 09:05:20
ROCK,550.0,2025-09-10 09:05:20
ENZO,36.0,2025-09-10 09:05:20
PLAN,55.0,2025-09-10 09:05:20
PTDU,16.0,2025-09-10 09:05:20
ATAP,48.0,2025-09-10 09:05:20
VICI,615.0,2025-09-10 09:05:21
PMMP,50.0,2025-09-10 09:05:21
WIFI,2570.0,2025-09-10 09:05:21
FAPA,6025.0,2025-09-10 09:05:21
DCII,315000.0,2025-09-10 09:05:21
KETR,665.0,2025-09-10 09:05:21
DGNS,142.0,2025-09-10 09:05:22
UFOE,175.0,2025-09-10 09:05:22
BANK,800.0,2025-09-10 09:05:22
WMUU,19.0,2025-09-10 09:05:22
EDGE,4250.0,2025-09-10 09:05:22
UNIQ,360.0,2025-09-10 09:05:22
BEBS,5.0,2025-09-10 09:05:22
SNLK,472.0,2025-09-10 09:05:23
ZYRX,145.0,2025-09-10 09:05:23
LFLO,248.0,2025-09-10 09:05:23
FIMP,69.0,2025-09-10 09:05:23
TAPG,1480.0,2025-09-10 09:05:23
NPGF,61.0,2025-09-10 09:05:23
LUCY,92.0,2025-09-10 09:05:23
ADCP,58.0,2025-09-10 09:05:23
HOPE,133.0,2025-09-10 09:05:24
MGLV,1050.0,2025-09-10 09:05:24
TRUE,49.0,2025-09-10 09:05:24
LABA,358.0,2025-09-10 09:05:24
ARCI,940.0,2025-09-10 09:05:24
IPAC,146.0,2025-09-10 09:05:24
MASB,3270.0,2025-09-10 09:05:24
BMHS,180.0,2025-09-10 09:05:24
FLMC,195.0,2025-09-10 09:05:24
NICL,1020.0,2025-09-10 09:05:25
UVCR,73.0,2025-09-10 09:05:25
BUKA,169.0,2025-09-10 09:05:25
HAIS,189.0,2025-09-10 09:05:25
OILS,131.0,2025-09-10 09:05:25
GPSO,272.0,2025-09-10 09:05:25
MCOL,3710.0,2025-09-10 09:05:25
RSGK,980.0,2025-09-10 09:05:26
RUNS,115.0,2025-09-10 09:05:26
SBMA,133.0,2025-09-10 09:05:26
CMNT,810.0,2025-09-10 09:05:26
GTSI,85.0,2025-09-10 09:05:26
IDEA,81.0,2025-09-10 09:05:26
KUAS,69.0,2025-09-10 09:05:26
BOBA,177.0,2025-09-10 09:05:26
MTEL,595.0,2025-09-10 09:05:27
DEPO,216.0,2025-09-10 09:05:27
BINO,121.0,2025-09-10 09:05:27
CMRY,4750.0,2025-09-10 09:05:27
WGSH,178.0,2025-09-10 09:05:27
TAYS,77.0,2025-09-10 09:05:27
WMPP,12.0,2025-09-10 09:05:28
RMKE,965.0,2025-09-10 09:05:28
OBMD,274.0,2025-09-10 09:05:28
AVIA,426.0,2025-09-10 09:05:28
IPPE,14.0,2025-09-10 09:05:28
NASI,88.0,2025-09-10 09:05:28
BSML,104.0,2025-09-10 09:05:28
DRMA,1000.0,2025-09-10 09:05:28
ADMR,990.0,2025-09-10 09:05:29
SEMA,98.0,2025-09-10 09:05:29
ASLC,100.0,2025-09-10 09:05:29
NETV,130.0,2025-09-10 09:05:29
BAUT,37.0,2025-09-10 09:05:29
ENAK,700.0,2025-09-10 09:05:29
NTBK,58.0,2025-09-10 09:05:29
SMKM,155.0,2025-09-10 09:05:30
STAA,1030.0,2025-09-10 09:05:30
NANO,73.0,2025-09-10 09:05:30
BIKE,1020.0,2025-09-10 09:05:30
WIRG,170.0,2025-09-10 09:05:30
SICO,118.0,2025-09-10 09:05:30
GOTO,56.0,2025-09-10 09:05:30
TLDN,710.0,2025-09-10 09:05:30
MTMH,1350.0,2025-09-10 09:05:31
WINR,31.0,2025-09-10 09:05:31
IBOS,44.0,2025-09-10 09:05:31
OLIV,76.0,2025-09-10 09:05:31
ASHA,42.0,2025-09-10 09:05:31
SWID,87.0,2025-09-10 09:05:32
TRGU,173.0,2025-09-10 09:05:32
ARKO,1230.0,2025-09-10 09:05:32
CHEM,92.0,2025-09-10 09:05:32
DEWI,106.0,2025-09-10 09:05:32
AXIO,126.0,2025-09-10 09:05:32
KRYA,184.0,2025-09-10 09:05:32
HATM,248.0,2025-09-10 09:05:32
RCCC,200.0,2025-09-10 09:05:33
GULA,336.0,2025-09-10 09:05:33
JARR,1665.0,2025-09-10 09:05:33
AMMS,234.0,2025-09-10 09:05:33
RAFI,15.0,2025-09-10 09:05:33
KKES,37.0,2025-09-10 09:05:33
ELPI,358.0,2025-09-10 09:05:33
EURO,290.0,2025-09-10 09:05:33
KLIN,193.0,2025-09-10 09:05:33
TOOL,61.0,2025-09-10 09:05:34
BUAH,1465.0,2025-09-10 09:05:34
CRAB,236.0,2025-09-10 09:05:34
MEDS,65.0,2025-09-10 09:05:34
COAL,56.0,2025-09-10 09:05:34
PRAY,685.0,2025-09-10 09:05:34
CBUT,1885.0,2025-09-10 09:05:34
BELI,356.0,2025-09-10 09:05:34
MKTR,129.0,2025-09-10 09:05:35
OMED,189.0,2025-09-10 09:05:35
BSBK,66.0,2025-09-10 09:05:35
PDPP,486.0,2025-09-10 09:05:35
KDTN,157.0,2025-09-10 09:05:35
ZATA,30.0,2025-09-10 09:05:35
NINE,310.0,2025-09-10 09:05:35
MMIX,320.0,2025-09-10 09:05:35
PADA,42.0,2025-09-10 09:05:36
ISAP,36.0,2025-09-10 09:05:36
VTNY,100.0,2025-09-10 09:05:36
SOUL,96.0,2025-09-10 09:05:36
ELIT,179.0,2025-09-10 09:05:36
BEER,103.0,2025-09-10 09:05:36
CBPE,189.0,2025-09-10 09:05:36
SUNI,795.0,2025-09-10 09:05:36
CBRE,398.0,2025-09-10 09:05:37
WINE,204.0,2025-09-10 09:05:37
BMBL,44.0,2025-09-10 09:05:37
PEVE,436.0,2025-09-10 09:05:37
LAJU,75.0,2025-09-10 09:05:37
FWCT,155.0,2025-09-10 09:05:37
NAYZ,110.0,2025-09-10 09:05:37
IRSX,127.0,2025-09-10 09:05:37
PACK,2330.0,2025-09-10 09:05:38
VAST,179.0,2025-09-10 09:05:38
CHIP,1365.0,2025-09-10 09:05:38
HALO,83.0,2025-09-10 09:05:38
KING,198.0,2025-09-10 09:05:38
PGEO,1380.0,2025-09-10 09:05:38
FUTR,270.0,2025-09-10 09:05:38
HILL,202.0,2025-09-10 09:05:38
BDKR,155.0,2025-09-10 09:05:38
PTMP,99.0,2025-09-10 09:05:39
SAGE,40.0,2025-09-10 09:05:39
TRON,91.0,2025-09-10 09:05:39
CUAN,1430.0,2025-09-10 09:05:39
NSSS,440.0,2025-09-10 09:05:39
GTRA,139.0,2025-09-10 09:05:39
HAJJ,120.0,2025-09-10 09:05:39
PIPA,160.0,2025-09-10 09:05:40
NCKL,1140.0,2025-09-10 09:05:40
MENN,59.0,2025-09-10 09:05:40
AWAN,250.0,2025-09-10 09:05:40
MBMA,432.0,2025-09-10 09:05:40
RAAM,286.0,2025-09-10 09:05:40
DOOH,147.0,2025-09-10 09:05:40
JATI,131.0,2025-09-10 09:05:40
TYRE,129.0,2025-09-10 09:05:41
MPXL,127.0,2025-09-10 09:05:41
SMIL,515.0,2025-09-10 09:05:41
KLAS,129.0,2025-09-10 09:05:41
MAXI,57.0,2025-09-10 09:05:41
VKTR,114.0,2025-09-10 09:05:41
RELF,55.0,2025-09-10 09:05:41
AMMN,7725.0,2025-09-10 09:05:41
CRSN,108.0,2025-09-10 09:05:42
GRPM,55.0,2025-09-10 09:05:42
WIDI,45.0,2025-09-10 09:05:42
TGUK,137.0,2025-09-10 09:05:42
INET,214.0,2025-09-10 09:05:42
MAHA,160.0,2025-09-10 09:05:42
RMKO,136.0,2025-09-10 09:05:42
CNMA,131.0,2025-09-10 09:05:43
FOLK,79.0,2025-09-10 09:05:43
HBAT,151.0,2025-09-10 09:05:43
GRIA,133.0,2025-09-10 09:05:43
PPRI,348.0,2025-09-10 09:05:43
ERAL,324.0,2025-09-10 09:05:43
CYBR,990.0,2025-09-10 09:05:43
MUTU,98.0,2025-09-10 09:05:43
LMAX,73.0,2025-09-10 09:05:44
HUMI,151.0,2025-09-10 09:05:44
MSIE,51.0,2025-09-10 09:05:44
RSCH,368.0,2025-09-10 09:05:44
BABY,304.0,2025-09-10 09:05:44
AEGS,39.0,2025-09-10 09:05:44
IOTF,89.0,2025-09-10 09:05:44
KOCI,59.0,2025-09-10 09:05:44
PTPS,166.0,2025-09-10 09:05:45
BREN,8325.0,2025-09-10 09:05:45
STRK,210.0,2025-09-10 09:05:45
KOKA,94.0,2025-09-10 09:05:45
LOPI,63.0,2025-09-10 09:05:45
UDNG,2330.0,2025-09-10 09:05:45
RGAS,113.0,2025-09-10 09:05:45
MSTI,1525.0,2025-09-10 09:05:45
IKPM,210.0,2025-09-10 09:05:45
AYAM,172.0,2025-09-10 09:05:46
SURI,120.0,2025-09-10 09:05:46
ASLI,50.0,2025-09-10 09:05:46
CGAS,149.0,2025-09-10 09:05:46
NICE,428.0,2025-09-10 09:05:46
MSJA,302.0,2025-09-10 09:05:46
SMLE,150.0,2025-09-10 09:05:46
ACRO,80.0,2025-09-10 09:05:47
MANG,51.0,2025-09-10 09:05:47
GRPH,64.0,2025-09-10 09:05:47
SMGA,109.0,2025-09-10 09:05:47
UNTD,84.0,2025-09-10 09:05:47
TOSK,60.0,2025-09-10 09:05:47
MPIX,68.0,2025-09-10 09:05:47
ALII,545.0,2025-09-10 09:05:47
MKAP,358.0,2025-09-10 09:05:48
MEJA,73.0,2025-09-10 09:05:48
LIVE,220.0,2025-09-10 09:05:48
HYGN,162.0,2025-09-10 09:05:48
BAIK,96.0,2025-09-10 09:05:48
VISI,141.0,2025-09-10 09:05:48
AREA,510.0,2025-09-10 09:05:48
MHKI,148.0,2025-09-10 09:05:48
ATLA,63.0,2025-09-10 09:05:49
DATA,4560.0,2025-09-10 09:05:49
SOLA,134.0,2025-09-10 09:05:49
BATR,112.0,2025-09-10 09:05:49
SPRE,77.0,2025-09-10 09:05:49
PART,123.0,2025-09-10 09:05:49
GOLF,212.0,2025-09-10 09:05:49
ISEA,100.0,2025-09-10 09:05:49
BLES,155.0,2025-09-10 09:05:50
GUNA,240.0,2025-09-10 09:05:50
LABS,139.0,2025-09-10 09:05:50
DOSS,186.0,2025-09-10 09:05:50
NEST,266.0,2025-09-10 09:05:50
PTMR,374.0,2025-09-10 09:05:50
VERN,127.0,2025-09-10 09:05:50
DAAZ,3040.0,2025-09-10 09:05:50
BOAT,121.0,2025-09-10 09:05:51
NAIK,137.0,2025-09-10 09:05:51
AADI,7025.0,2025-09-10 09:05:51
MDIY,1020.0,2025-09-10 09:05:51
KSIX,230.0,2025-09-10 09:05:51
RATU,5550.0,2025-09-10 09:05:51
YOII,94.0,2025-09-10 09:05:51
HGII,144.0,2025-09-10 09:05:51
BRRC,74.0,2025-09-10 09:05:52
DGWG,412.0,2025-09-10 09:05:52
CBDK,6025.0,2025-09-10 09:05:52
OBAT,454.0,2025-09-10 09:05:52
MINE,565.0,2025-09-10 09:05:52
ASPR,92.0,2025-09-10 09:05:52
PSAT,1340.0,2025-09-10 09:05:52
COIN,2380.0,2025-09-10 09:05:52
CDIA,1320.0,2025-09-10 09:05:53
BLOG,595.0,2025-09-10 09:05:53
MERI,216.0,2025-09-10 09:05:53
CHEK,199.0,2025-09-10 09:05:53
PMUI,129.0,2025-09-10 09:05:53
KAQI,68.0,2025-09-10 09:05:53
YUPI,1590.0,2025-09-10 09:05:53
FORE,510.0,2025-09-10 09:05:53
MDLA,242.0,2025-09-10 09:05:54
DKHH,102.0,2025-09-10 09:05:54
AYLS,100.0,2025-09-10 09:05:54
DADA,50.0,2025-09-10 09:05:54
ASPI,492.0,2025-09-10 09:05:54
ESTA,73.0,2025-09-10 09:05:54
BESS,1040.0,2025-09-10 09:05:54
AMAN,117.0,2025-09-10 09:05:54
CARE,300.0,2025-09-10 09:05:55
AALI,7425.0,2025-09-10 09:06:25
ABBA,43.0,2025-09-10 09:06:25
ABDA,3400.0,2025-09-10 09:06:25
ABMM,2910.0,2025-09-10 09:06:25
ACES,424.0,2025-09-10 09:06:25
ACST,135.0,2025-09-10 09:06:25
ADES,13300.0,2025-09-10 09:06:26
ADHI,278.0,2025-09-10 09:06:26
ADMF,8875.0,2025-09-10 09:06:26
ADMG,144.0,2025-09-10 09:06:26
ADRO,1685.0,2025-09-10 09:06:26
AGII,775.0,2025-09-10 09:06:26
AGRO,226.0,2025-09-10 09:06:26
AGRS,74.0,2025-09-10 09:06:27
AHAP,76.0,2025-09-10 09:06:27
AIMS,320.0,2025-09-10 09:06:27
AISA,119.0,2025-09-10 09:06:27
AKKU,27.0,2025-09-10 09:06:27
AKPI,570.0,2025-09-10 09:06:27
AKRA,1220.0,2025-09-10 09:06:27
AKSI,240.0,2025-09-10 09:06:28
ALDO,490.0,2025-09-10 09:06:28
ALKA,318.0,2025-09-10 09:06:28
ALMI,74.0,2025-09-10 09:06:28
ALTO,18.0,2025-09-10 09:06:28
AMAG,362.0,2025-09-10 09:06:28
AMFG,3290.0,2025-09-10 09:06:28
AMIN,274.0,2025-09-10 09:06:29
AMRT,2050.0,2025-09-10 09:06:29
ANJT,1795.0,2025-09-10 09:06:29
ANTM,3660.0,2025-09-10 09:06:29
APEX,119.0,2025-09-10 09:06:29
APIC,1125.0,2025-09-10 09:06:29
APII,179.0,2025-09-10 09:06:29
APLI,472.0,2025-09-10 09:06:30
APLN,102.0,2025-09-10 09:06:30
ARGO,1300.0,2025-09-10 09:06:30
ARII,252.0,2025-09-10 09:06:30
ARNA,560.0,2025-09-10 09:06:30
ARTA,3240.0,2025-09-10 09:06:30
ARTI,2.0,2025-09-10 09:06:30
ARTO,1970.0,2025-09-10 09:06:31
ASBI,438.0,2025-09-10 09:06:31
ASDM,530.0,2025-09-10 09:06:31
ASGR,1220.0,2025-09-10 09:06:31
ASII,5525.0,2025-09-10 09:06:31
ASJT,110.0,2025-09-10 09:06:31
ASMI,34.0,2025-09-10 09:06:31
ASRI,168.0,2025-09-10 09:06:32
ASRM,276.0,2025-09-10 09:06:32
ASSA,900.0,2025-09-10 09:06:32
ATIC,442.0,2025-09-10 09:06:32
AUTO,2430.0,2025-09-10 09:06:32
BABP,58.0,2025-09-10 09:06:32
BACA,134.0,2025-09-10 09:06:32
BAJA,120.0,2025-09-10 09:06:33
BALI,1340.0,2025-09-10 09:06:33
BAPA,86.0,2025-09-10 09:06:33
BATA,52.0,2025-09-10 09:06:33
BAYU,1280.0,2025-09-10 09:06:33
BBCA,7525.0,2025-09-10 09:06:33
BBHI,1470.0,2025-09-10 09:06:34
BBKP,74.0,2025-09-10 09:06:34
BBLD,930.0,2025-09-10 09:06:34
BBMD,2090.0,2025-09-10 09:06:34
BBNI,4080.0,2025-09-10 09:06:34
BBRI,3790.0,2025-09-10 09:06:34
BBRM,86.0,2025-09-10 09:06:35
BBTN,1220.0,2025-09-10 09:06:35
BBYB,318.0,2025-09-10 09:06:35
BCAP,69.0,2025-09-10 09:06:35
BCIC,170.0,2025-09-10 09:06:35
BCIP,95.0,2025-09-10 09:06:35
BDMN,2510.0,2025-09-10 09:06:36
BEKS,25.0,2025-09-10 09:06:36
BEST,114.0,2025-09-10 09:06:36
BFIN,750.0,2025-09-10 09:06:36
BGTG,105.0,2025-09-10 09:06:36
BHIT,34.0,2025-09-10 09:06:36
BIKA,55.0,2025-09-10 09:06:36
BIMA,69.0,2025-09-10 09:06:37
BINA,4450.0,2025-09-10 09:06:37
BIPI,78.0,2025-09-10 09:06:37
BIPP,47.0,2025-09-10 09:06:37
BIRD,1760.0,2025-09-10 09:06:37
BISI,875.0,2025-09-10 09:06:38
BJBR,765.0,2025-09-10 09:06:38
BJTM,505.0,2025-09-10 09:06:38
BKDP,38.0,2025-09-10 09:06:38
BKSL,130.0,2025-09-10 09:06:38
BKSW,67.0,2025-09-10 09:06:39
BLTA,40.0,2025-09-10 09:06:39
BLTZ,1800.0,2025-09-10 09:06:39
BMAS,675.0,2025-09-10 09:06:39
BMRI,4310.0,2025-09-10 09:06:39
BMSR,258.0,2025-09-10 09:06:40
BMTR,142.0,2025-09-10 09:06:40
BNBA,765.0,2025-09-10 09:06:40
BNBR,37.0,2025-09-10 09:06:40
BNGA,1690.0,2025-09-10 09:06:40
BNII,206.0,2025-09-10 09:06:40
BNLI,3070.0,2025-09-10 09:06:40
BOLT,1055.0,2025-09-10 09:06:41
BPFI,336.0,2025-09-10 09:06:41
BPII,580.0,2025-09-10 09:06:41
BRAM,5100.0,2025-09-10 09:06:41
BRMS,510.0,2025-09-10 09:06:41
BRNA,710.0,2025-09-10 09:06:41
BRPT,2150.0,2025-09-10 09:06:42
BSDE,1085.0,2025-09-10 09:06:42
BSIM,850.0,2025-09-10 09:06:42
BSSR,3910.0,2025-09-10 09:06:42
BSWD,1410.0,2025-09-10 09:06:42
BTEK,18.0,2025-09-10 09:06:42
BTEL,50.0,2025-09-10 09:06:42
BTON,380.0,2025-09-10 09:06:43
BTPN,2100.0,2025-09-10 09:06:43
BUDI,214.0,2025-09-10 09:06:43
BUKK,865.0,2025-09-10 09:06:43
BULL,152.0,2025-09-10 09:06:43
BUMI,110.0,2025-09-10 09:06:43
BUVA,348.0,2025-09-10 09:06:44
BVIC,105.0,2025-09-10 09:06:44
BWPT,144.0,2025-09-10 09:06:44
BYAN,17925.0,2025-09-10 09:06:44
CANI,40.0,2025-09-10 09:06:44
CASS,2490.0,2025-09-10 09:06:44
CEKA,2630.0,2025-09-10 09:06:44
CENT,113.0,2025-09-10 09:06:45
CFIN,316.0,2025-09-10 09:06:45
CINT,160.0,2025-09-10 09:06:45
CITA,4130.0,2025-09-10 09:06:45
CLPI,1235.0,2025-09-10 09:06:45
CMNP,1350.0,2025-09-10 09:06:45
CMPP,93.0,2025-09-10 09:06:45
CNKO,98.0,2025-09-10 09:06:46
CNTX,142.0,2025-09-10 09:06:46
COWL,50.0,2025-09-10 09:06:46
CPIN,4480.0,2025-09-10 09:06:46
CPRO,55.0,2025-09-10 09:06:46
CSAP,292.0,2025-09-10 09:06:46
CTBN,5125.0,2025-09-10 09:06:46
CTRA,945.0,2025-09-10 09:06:47
CTTH,39.0,2025-09-10 09:06:47
DART,154.0,2025-09-10 09:06:47
DEFI,324.0,2025-09-10 09:06:47
DEWA,218.0,2025-09-10 09:06:47
DGIK,95.0,2025-09-10 09:06:48
DILD,133.0,2025-09-10 09:06:48
DKFT,710.0,2025-09-10 09:06:48
DLTA,1970.0,2025-09-10 09:06:48
DMAS,136.0,2025-09-10 09:06:48
DNAR,117.0,2025-09-10 09:06:48
DNET,9050.0,2025-09-10 09:06:48
DOID,362.0,2025-09-10 09:06:49
DPNS,302.0,2025-09-10 09:06:49
DSFI,79.0,2025-09-10 09:06:49
DSNG,1865.0,2025-09-10 09:06:49
DSSA,103025.0,2025-09-10 09:06:49
DUTI,4400.0,2025-09-10 09:06:49
DVLA,1615.0,2025-09-10 09:06:49
DYAN,87.0,2025-09-10 09:06:50
ECII,181.0,2025-09-10 09:06:50
EKAD,188.0,2025-09-10 09:06:50
ELSA,490.0,2025-09-10 09:06:50
ELTY,17.0,2025-09-10 09:06:50
EMDE,94.0,2025-09-10 09:06:50
EMTK,1240.0,2025-09-10 09:06:51
ENRG,605.0,2025-09-10 09:06:51
EPMT,2280.0,2025-09-10 09:06:51
ERAA,442.0,2025-09-10 09:06:51
ERTX,120.0,2025-09-10 09:06:51
ESSA,625.0,2025-09-10 09:06:51
ESTI,52.0,2025-09-10 09:06:51
ETWA,70.0,2025-09-10 09:06:51
EXCL,2590.0,2025-09-10 09:06:52
FAST,314.0,2025-09-10 09:06:52
FASW,5312.4970703125,2025-09-10 09:06:52
FISH,1035.0,2025-09-10 09:06:52
FMII,364.0,2025-09-10 09:06:52
FORU,1160.0,2025-09-10 09:06:52
FPNI,193.0,2025-09-10 09:06:53
GAMA,18.0,2025-09-10 09:06:53
GDST,107.0,2025-09-10 09:06:53
GDYR,1150.0,2025-09-10 09:06:53
GEMA,112.0,2025-09-10 09:06:53
GEMS,9000.0,2025-09-10 09:06:54
GGRM,8900.0,2025-09-10 09:06:54
GIAA,67.0,2025-09-10 09:06:54
GJTL,1010.0,2025-09-10 09:06:54
GLOB,57.0,2025-09-10 09:06:54
GMTD,2190.0,2025-09-10 09:06:54
GOLD,272.0,2025-09-10 09:06:54
GOLL,50.0,2025-09-10 09:06:55
GPRA,128.0,2025-09-10 09:06:55
GSMF,94.0,2025-09-10 09:06:55
GTBO,195.0,2025-09-10 09:06:55
GWSA,152.0,2025-09-10 09:06:55
GZCO,204.0,2025-09-10 09:06:55
HADE,39.0,2025-09-10 09:06:55
HDFA,123.0,2025-09-10 09:06:56
HERO,394.0,2025-09-10 09:06:56
HEXA,5425.0,2025-09-10 09:06:56
HITS,116.0,2025-09-10 09:06:56
HMSP,565.0,2025-09-10 09:06:56
HOME,50.0,2025-09-10 09:06:56
HOTL,50.0,2025-09-10 09:06:57
HRUM,1090.0,2025-09-10 09:06:57
IATA,62.0,2025-09-10 09:06:57
IBFN,27.0,2025-09-10 09:06:57
IBST,5575.0,2025-09-10 09:06:57
ICBP,9225.0,2025-09-10 09:06:57
ICON,47.0,2025-09-10 09:06:57
IGAR,510.0,2025-09-10 09:06:57
IIKP,50.0,2025-09-10 09:06:58
IKAI,26.0,2025-09-10 09:06:58
IKBI,498.0,2025-09-10 09:06:58
IMAS,1080.0,2025-09-10 09:06:58
IMJS,230.0,2025-09-10 09:06:58
IMPC,1380.0,2025-09-10 09:06:58
INAF,126.0,2025-09-10 09:06:58
INAI,155.0,2025-09-10 09:06:59
INCI,600.0,2025-09-10 09:06:59
INCO,3950.0,2025-09-10 09:06:59
INDF,7350.0,2025-09-10 09:06:59
INDR,2580.0,2025-09-10 09:06:59
INDS,220.0,2025-09-10 09:06:59
INDX,86.0,2025-09-10 09:06:59
INDY,1895.0,2025-09-10 09:07:00
INKP,7600.0,2025-09-10 09:07:00
INPC,163.0,2025-09-10 09:07:00
INPP,800.0,2025-09-10 09:07:00
INRU,735.0,2025-09-10 09:07:00
INTA,23.0,2025-09-10 09:07:00
INTD,199.0,2025-09-10 09:07:01
INTP,6950.0,2025-09-10 09:07:01
IPOL,138.0,2025-09-10 09:07:01
ISAT,1850.0,2025-09-10 09:07:01
ISSP,412.0,2025-09-10 09:07:01
ITMA,1095.0,2025-09-10 09:07:01
ITMG,22250.0,2025-09-10 09:07:01
JAWA,144.0,2025-09-10 09:07:02
JECC,1070.0,2025-09-10 09:07:02
JIHD,650.0,2025-09-10 09:07:02
JKON,83.0,2025-09-10 09:07:02
JPFA,1785.0,2025-09-10 09:07:02
JRPT,800.0,2025-09-10 09:07:02
JSMR,3380.0,2025-09-10 09:07:02
JSPT,3930.0,2025-09-10 09:07:03
JTPE,322.0,2025-09-10 09:07:03
KAEF,492.0,2025-09-10 09:07:03
KARW,625.0,2025-09-10 09:07:03
KBLI,374.0,2025-09-10 09:07:03
KBLM,378.0,2025-09-10 09:07:03
KBLV,230.0,2025-09-10 09:07:03
KBRI,50.0,2025-09-10 09:07:04
KDSI,460.0,2025-09-10 09:07:04
KIAS,21.0,2025-09-10 09:07:04
KICI,137.0,2025-09-10 09:07:04
KIJA,197.0,2025-09-10 09:07:04
KKGI,320.0,2025-09-10 09:07:04
KLBF,1140.0,2025-09-10 09:07:04
KOBX,138.0,2025-09-10 09:07:05
KOIN,73.0,2025-09-10 09:07:05
KONI,1950.0,2025-09-10 09:07:05
KOPI,334.0,2025-09-10 09:07:05
KPIG,196.0,2025-09-10 09:07:05
KRAS,294.0,2025-09-10 09:07:05
KREN,17.0,2025-09-10 09:07:05
LAPD,118.0,2025-09-10 09:07:05
LCGP,114.0,2025-09-10 09:07:06
LEAD,75.0,2025-09-10 09:07:06
LINK,2700.0,2025-09-10 09:07:06
LION,550.0,2025-09-10 09:07:06
LMAS,50.0,2025-09-10 09:07:06
LMPI,142.0,2025-09-10 09:07:06
LMSH,256.0,2025-09-10 09:07:06
LPCK,600.0,2025-09-10 09:07:06
LPGI,440.0,2025-09-10 09:07:07
LPIN,410.0,2025-09-10 09:07:07
LPKR,100.0,2025-09-10 09:07:07
LPLI,306.0,2025-09-10 09:07:07
LPPF,1560.0,2025-09-10 09:07:07
LPPS,78.0,2025-09-10 09:07:07
LRNA,169.0,2025-09-10 09:07:07
LSIP,1355.0,2025-09-10 09:07:08
LTLS,830.0,2025-09-10 09:07:08
MAGP,50.0,2025-09-10 09:07:08
MAIN,680.0,2025-09-10 09:07:08
MAPI,1120.0,2025-09-10 09:07:08
MASA,6200.0,2025-09-10 09:07:08
MAYA,226.0,2025-09-10 09:07:08
MBAP,1585.0,2025-09-10 09:07:08
MBSS,1560.0,2025-09-10 09:07:09
MBTO,123.0,2025-09-10 09:07:09
MCOR,75.0,2025-09-10 09:07:09
MDIA,41.0,2025-09-10 09:07:09
MDKA,2700.0,2025-09-10 09:07:09
MDLN,66.0,2025-09-10 09:07:09
MDRN,33.0,2025-09-10 09:07:09
MEDC,1230.0,2025-09-10 09:07:10
MEGA,3330.0,2025-09-10 09:07:10
MERK,2810.0,2025-09-10 09:07:10
META,238.0,2025-09-10 09:07:10
MFIN,985.0,2025-09-10 09:07:10
MFMI,1300.0,2025-09-10 09:07:10
MGNA,50.0,2025-09-10 09:07:10
MICE,488.0,2025-09-10 09:07:10
MIDI,452.0,2025-09-10 09:07:11
MIKA,2350.0,2025-09-10 09:07:11
MIRA,65.0,2025-09-10 09:07:11
MITI,362.0,2025-09-10 09:07:11
MKPI,24950.0,2025-09-10 09:07:11
MLBI,5800.0,2025-09-10 09:07:11
MLIA,350.0,2025-09-10 09:07:11
MLPL,136.0,2025-09-10 09:07:12
MLPT,72500.0,2025-09-10 09:07:12
MMLP,530.0,2025-09-10 09:07:12
MNCN,254.0,2025-09-10 09:07:12
MPMX,945.0,2025-09-10 09:07:12
MPPA,69.0,2025-09-10 09:07:12
MRAT,220.0,2025-09-10 09:07:12
MREI,945.0,2025-09-10 09:07:13
MSKY,94.0,2025-09-10 09:07:13
MTDL,605.0,2025-09-10 09:07:13
MTFN,14.0,2025-09-10 09:07:13
MTLA,436.0,2025-09-10 09:07:13
MTSM,500.0,2025-09-10 09:07:13
MYOH,1770.0,2025-09-10 09:07:13
MYOR,2120.0,2025-09-10 09:07:14
MYTX,36.0,2025-09-10 09:07:14
NELY,344.0,2025-09-10 09:07:14
NIKL,228.0,2025-09-10 09:07:14
NIRO,124.0,2025-09-10 09:07:14
NISP,1350.0,2025-09-10 09:07:14
NOBU,545.0,2025-09-10 09:07:14
NRCA,950.0,2025-09-10 09:07:15
OCAP,159.0,2025-09-10 09:07:15
OKAS,282.0,2025-09-10 09:07:15
OMRE,426.0,2025-09-10 09:07:15
PADI,74.0,2025-09-10 09:07:15
PALM,430.0,2025-09-10 09:07:15
PANR,725.0,2025-09-10 09:07:15
PANS,1370.0,2025-09-10 09:07:16
PBRX,46.0,2025-09-10 09:07:16
PDES,470.0,2025-09-10 09:07:16
PEGE,114.0,2025-09-10 09:07:16
PGAS,1725.0,2025-09-10 09:07:16
PGLI,183.0,2025-09-10 09:07:16
PICO,133.0,2025-09-10 09:07:16
PJAA,505.0,2025-09-10 09:07:17
PKPK,580.0,2025-09-10 09:07:17
PLAS,50.0,2025-09-10 09:07:17
PLIN,2510.0,2025-09-10 09:07:17
PNBN,1130.0,2025-09-10 09:07:17
PNBS,54.0,2025-09-10 09:07:17
PNIN,820.0,2025-09-10 09:07:17
PNLF,246.0,2025-09-10 09:07:18
PNSE,770.0,2025-09-10 09:07:18
POLY,29.0,2025-09-10 09:07:18
POOL,50.0,2025-09-10 09:07:18
PPRO,21.0,2025-09-10 09:07:18
PSAB,570.0,2025-09-10 09:07:18
PSDN,105.0,2025-09-10 09:07:18
PSKT,107.0,2025-09-10 09:07:19
PTBA,2400.0,2025-09-10 09:07:19
PTIS,408.0,2025-09-10 09:07:19
PTPP,350.0,2025-09-10 09:07:19
PTRO,3470.0,2025-09-10 09:07:19
PTSN,468.0,2025-09-10 09:07:19
PTSP,905.0,2025-09-10 09:07:19
PUDP,230.0,2025-09-10 09:07:20
PWON,366.0,2025-09-10 09:07:20
PYFA,490.0,2025-09-10 09:07:20
RAJA,2700.0,2025-09-10 09:07:20
RALS,386.0,2025-09-10 09:07:20
RANC,418.0,2025-09-10 09:07:20
RBMS,40.0,2025-09-10 09:07:21
RDTX,11875.0,2025-09-10 09:07:21
RELI,640.0,2025-09-10 09:07:21
RICY,71.0,2025-09-10 09:07:21
RIGS,785.0,2025-09-10 09:07:21
RIMO,50.0,2025-09-10 09:07:21
RODA,52.0,2025-09-10 09:07:21
ROTI,795.0,2025-09-10 09:07:22
RUIS,216.0,2025-09-10 09:07:22
SAFE,180.0,2025-09-10 09:07:22
SAME,306.0,2025-09-10 09:07:22
SCCO,2270.0,2025-09-10 09:07:22
SCMA,314.0,2025-09-10 09:07:22
SCPI,0.0,2025-09-10 09:07:22
SDMU,66.0,2025-09-10 09:07:23
SDPC,131.0,2025-09-10 09:07:23
SDRA,300.0,2025-09-10 09:07:23
SGRO,4520.0,2025-09-10 09:07:23
SHID,875.0,2025-09-10 09:07:23
SIDO,530.0,2025-09-10 09:07:23
SILO,2100.0,2025-09-10 09:07:23
SIMA,50.0,2025-09-10 09:07:24
SIMP,650.0,2025-09-10 09:07:24
SIPD,725.0,2025-09-10 09:07:24
SKBM,348.0,2025-09-10 09:07:24
SKLT,184.0,2025-09-10 09:07:24
SKYB,51.0,2025-09-10 09:07:24
SMAR,5275.0,2025-09-10 09:07:25
SMBR,290.0,2025-09-10 09:07:25
SMCB,775.0,2025-09-10 09:07:25
SMDM,805.0,2025-09-10 09:07:25
SMDR,324.0,2025-09-10 09:07:25
SMGR,2740.0,2025-09-10 09:07:25
SMMA,15600.0,2025-09-10 09:07:26
SMMT,1270.0,2025-09-10 09:07:26
SMRA,440.0,2025-09-10 09:07:26
SMRU,50.0,2025-09-10 09:07:26
SMSM,1915.0,2025-09-10 09:07:26
SOCI,190.0,2025-09-10 09:07:26
SONA,4140.0,2025-09-10 09:07:26
SPMA,280.0,2025-09-10 09:07:27
SQMI,43.0,2025-09-10 09:07:27
SRAJ,8450.0,2025-09-10 09:07:27
SRIL,146.0,2025-09-10 09:07:27
SRSN,72.0,2025-09-10 09:07:27
SRTG,2000.0,2025-09-10 09:07:27
SSIA,2140.0,2025-09-10 09:07:27
SSMS,1415.0,2025-09-10 09:07:28
SSTM,312.0,2025-09-10 09:07:28
STAR,56.0,2025-09-10 09:07:28
STTP,10100.0,2025-09-10 09:07:28
SUGI,50.0,2025-09-10 09:07:28
SULI,93.0,2025-09-10 09:07:28
SUPR,43850.0,2025-09-10 09:07:28
TALF,400.0,2025-09-10 09:07:28
TARA,39.0,2025-09-10 09:07:29
TAXI,16.0,2025-09-10 09:07:29
TBIG,1855.0,2025-09-10 09:07:29
TBLA,730.0,2025-09-10 09:07:29
TBMS,1005.0,2025-09-10 09:07:29
TCID,2410.0,2025-09-10 09:07:29
TELE,9.0,2025-09-10 09:07:29
TFCO,498.0,2025-09-10 09:07:29
TGKA,5700.0,2025-09-10 09:07:30
TIFA,394.0,2025-09-10 09:07:30
TINS,1105.0,2025-09-10 09:07:30
TIRA,1485.0,2025-09-10 09:07:30
TIRT,44.0,2025-09-10 09:07:30
TKIM,7350.0,2025-09-10 09:07:30
TLKM,3050.0,2025-09-10 09:07:31
TMAS,135.0,2025-09-10 09:07:31
TMPO,177.0,2025-09-10 09:07:31
TOBA,1270.0,2025-09-10 09:07:31
TOTL,770.0,2025-09-10 09:07:31
TOTO,258.0,2025-09-10 09:07:31
TOWR,590.0,2025-09-10 09:07:31
TPIA,7575.0,2025-09-10 09:07:32
TPMA,575.0,2025-09-10 09:07:32
TRAM,50.0,2025-09-10 09:07:32
TRIL,50.0,2025-09-10 09:07:32
TRIM,358.0,2025-09-10 09:07:32
TRIO,426.0,2025-09-10 09:07:32
TRIS,182.0,2025-09-10 09:07:32
TRST,496.0,2025-09-10 09:07:33
TRUS,474.0,2025-09-10 09:07:33
TSPC,2230.0,2025-09-10 09:07:33
ULTJ,1275.0,2025-09-10 09:07:33
UNIC,7900.0,2025-09-10 09:07:33
UNIT,316.0,2025-09-10 09:07:33
UNSP,163.0,2025-09-10 09:07:33
UNTR,27200.0,2025-09-10 09:07:34
UNVR,1655.0,2025-09-10 09:07:34
VICO,180.0,2025-09-10 09:07:34
VINS,122.0,2025-09-10 09:07:34
VIVA,34.0,2025-09-10 09:07:34
VOKS,240.0,2025-09-10 09:07:34
VRNA,86.0,2025-09-10 09:07:35
WAPO,193.0,2025-09-10 09:07:35
WEHA,114.0,2025-09-10 09:07:35
WICO,123.0,2025-09-10 09:07:35
WIIM,810.0,2025-09-10 09:07:35
WIKA,204.0,2025-09-10 09:07:35
WINS,402.0,2025-09-10 09:07:35
WOMF,338.0,2025-09-10 09:07:35
WSKT,202.0,2025-09-10 09:07:36
WTON,105.0,2025-09-10 09:07:36
YPAS,354.0,2025-09-10 09:07:36
YULE,2700.0,2025-09-10 09:07:36
ZBRA,50.0,2025-09-10 09:07:36
SHIP,4600.0,2025-09-10 09:07:36
CASA,1130.0,2025-09-10 09:07:36
DAYA,1000.0,2025-09-10 09:07:37
DPUM,68.0,2025-09-10 09:07:37
IDPR,244.0,2025-09-10 09:07:37
JGLE,15.0,2025-09-10 09:07:37
KINO,1095.0,2025-09-10 09:07:37
MARI,36.0,2025-09-10 09:07:37
MKNT,1.0,2025-09-10 09:07:37
MTRA,244.0,2025-09-10 09:07:37
OASA,250.0,2025-09-10 09:07:38
POWR,695.0,2025-09-10 09:07:38
INCF,38.0,2025-09-10 09:07:38
WSBP,39.0,2025-09-10 09:07:38
PBSA,860.0,2025-09-10 09:07:38
PRDA,2660.0,2025-09-10 09:07:38
BOGA,570.0,2025-09-10 09:07:38
BRIS,2480.0,2025-09-10 09:07:39
PORT,915.0,2025-09-10 09:07:39
CARS,136.0,2025-09-10 09:07:39
MINA,163.0,2025-09-10 09:07:39
CLEO,510.0,2025-09-10 09:07:39
TAMU,27.0,2025-09-10 09:07:39
CSIS,131.0,2025-09-10 09:07:39
TGRA,27.0,2025-09-10 09:07:40
FIRE,81.0,2025-09-10 09:07:40
TOPS,1.0,2025-09-10 09:07:40
KMTR,296.0,2025-09-10 09:07:40
ARMY,50.0,2025-09-10 09:07:40
MAPB,1680.0,2025-09-10 09:07:40
WOOD,360.0,2025-09-10 09:07:41
HRTA,855.0,2025-09-10 09:07:41
MABA,50.0,2025-09-10 09:07:41
HOKI,79.0,2025-09-10 09:07:41
MPOW,114.0,2025-09-10 09:07:41
MARK,620.0,2025-09-10 09:07:41
NASA,41.0,2025-09-10 09:07:41
MDKI,160.0,2025-09-10 09:07:41
BELL,61.0,2025-09-10 09:07:42
KIOS,82.0,2025-09-10 09:07:42
GMFI,58.0,2025-09-10 09:07:42
MTWI,378.0,2025-09-10 09:07:42
ZINC,26.0,2025-09-10 09:07:42
MCAS,775.0,2025-09-10 09:07:42
PPRE,100.0,2025-09-10 09:07:42
WEGE,73.0,2025-09-10 09:07:42
PSSI,346.0,2025-09-10 09:07:43
MORA,436.0,2025-09-10 09:07:43
DWGL,222.0,2025-09-10 09:07:43
PBID,484.0,2025-09-10 09:07:43
JMAS,148.0,2025-09-10 09:07:43
CAMP,216.0,2025-09-10 09:07:43
IPCM,290.0,2025-09-10 09:07:43
PCAR,41.0,2025-09-10 09:07:44
LCKM,210.0,2025-09-10 09:07:44
BOSS,50.0,2025-09-10 09:07:44
HELI,246.0,2025-09-10 09:07:44
JSKY,52.0,2025-09-10 09:07:44
INPS,115.0,2025-09-10 09:07:44
GHON,1615.0,2025-09-10 09:07:44
TDPM,119.0,2025-09-10 09:07:44
DFAM,76.0,2025-09-10 09:07:44
NICK,1320.0,2025-09-10 09:07:45
BTPS,1375.0,2025-09-10 09:07:45
SPTO,670.0,2025-09-10 09:07:45
PRIM,84.0,2025-09-10 09:07:45
HEAL,1695.0,2025-09-10 09:07:45
TRUK,228.0,2025-09-10 09:07:45
PZZA,216.0,2025-09-10 09:07:45
TUGU,960.0,2025-09-10 09:07:45
MSIN,605.0,2025-09-10 09:07:46
SWAT,16.0,2025-09-10 09:07:46
TNCA,161.0,2025-09-10 09:07:46
MAPA,585.0,2025-09-10 09:07:46
TCPI,5725.0,2025-09-10 09:07:46
IPCC,1110.0,2025-09-10 09:07:46
RISE,1100.0,2025-09-10 09:07:46
BPTR,94.0,2025-09-10 09:07:47
POLL,112.0,2025-09-10 09:07:47
NFCX,1750.0,2025-09-10 09:07:47
MGRO,715.0,2025-09-10 09:07:47
NUSA,50.0,2025-09-10 09:07:47
FILM,3890.0,2025-09-10 09:07:47
ANDI,30.0,2025-09-10 09:07:47
LAND,37.0,2025-09-10 09:07:47
MOLI,226.0,2025-09-10 09:07:47
PANI,13175.0,2025-09-10 09:07:48
DIGI,32.0,2025-09-10 09:07:48
CITY,100.0,2025-09-10 09:07:48
SAPX,302.0,2025-09-10 09:07:48
SURE,2850.0,2025-09-10 09:07:48
HKMU,50.0,2025-09-10 09:07:48
MPRO,4490.0,2025-09-10 09:07:48
DUCK,176.0,2025-09-10 09:07:48
GOOD,370.0,2025-09-10 09:07:48
SKRN,404.0,2025-09-10 09:07:49
YELO,53.0,2025-09-10 09:07:49
CAKK,140.0,2025-09-10 09:07:49
SATU,238.0,2025-09-10 09:07:49
SOSS,1015.0,2025-09-10 09:07:49
DEAL,6.0,2025-09-10 09:07:49
POLA,28.0,2025-09-10 09:07:49
DIVA,119.0,2025-09-10 09:07:50
LUCK,78.0,2025-09-10 09:07:50
URBN,134.0,2025-09-10 09:07:50
SOTS,266.0,2025-09-10 09:07:50
ZONE,740.0,2025-09-10 09:07:50
PEHA,326.0,2025-09-10 09:07:50
FOOD,129.0,2025-09-10 09:07:50
BEEF,334.0,2025-09-10 09:07:50
POLI,725.0,2025-09-10 09:07:51
CLAY,1540.0,2025-09-10 09:07:51
NATO,130.0,2025-09-10 09:07:51
JAYA,99.0,2025-09-10 09:07:51
COCO,462.0,2025-09-10 09:07:51
MTPS,45.0,2025-09-10 09:07:51
CPRI,50.0,2025-09-10 09:07:51
HRME,39.0,2025-09-10 09:07:51
POSA,50.0,2025-09-10 09:07:51
JAST,97.0,2025-09-10 09:07:52
FITT,555.0,2025-09-10 09:07:52
BOLA,188.0,2025-09-10 09:07:52
CCSI,370.0,2025-09-10 09:07:52
SFAN,1910.0,2025-09-10 09:07:52
POLU,12400.0,2025-09-10 09:07:52
KJEN,125.0,2025-09-10 09:07:52
KAYU,18.0,2025-09-10 09:07:53
ITIC,236.0,2025-09-10 09:07:53
PAMG,73.0,2025-09-10 09:07:53
IPTV,40.0,2025-09-10 09:07:53
BLUE,316.0,2025-09-10 09:07:53
ENVY,50.0,2025-09-10 09:07:53
EAST,94.0,2025-09-10 09:07:53
LIFE,15400.0,2025-09-10 09:07:53
FUJI,408.0,2025-09-10 09:07:53
KOTA,30.0,2025-09-10 09:07:54
INOV,93.0,2025-09-10 09:07:54
ARKA,37.0,2025-09-10 09:07:54
SMKL,166.0,2025-09-10 09:07:54
HDIT,59.0,2025-09-10 09:07:54
KEEN,820.0,2025-09-10 09:07:54
BAPI,27.0,2025-09-10 09:07:54
TFAS,139.0,2025-09-10 09:07:55
GGRP,226.0,2025-09-10 09:07:55
OPMS,80.0,2025-09-10 09:07:55
NZIA,95.0,2025-09-10 09:07:55
SLIS,83.0,2025-09-10 09:07:55
PURE,51.0,2025-09-10 09:07:55
IRRA,428.0,2025-09-10 09:07:56
DMMX,384.0,2025-09-10 09:07:56
SINI,3740.0,2025-09-10 09:07:56
WOWS,90.0,2025-09-10 09:07:56
ESIP,45.0,2025-09-10 09:07:56
TEBE,1780.0,2025-09-10 09:07:56
KEJU,600.0,2025-09-10 09:07:57
PSGO,204.0,2025-09-10 09:07:57
AGAR,250.0,2025-09-10 09:07:57
IFSH,820.0,2025-09-10 09:07:57
REAL,67.0,2025-09-10 09:07:57
IFII,238.0,2025-09-10 09:07:57
PMJS,119.0,2025-09-10 09:07:57
UCID,464.0,2025-09-10 09:07:58
GLVA,326.0,2025-09-10 09:07:58
PGJO,915.0,2025-09-10 09:07:58
AMAR,206.0,2025-09-10 09:07:58
CSRA,860.0,2025-09-10 09:07:58
INDO,236.0,2025-09-10 09:07:58
AMOR,470.0,2025-09-10 09:07:58
TRIN,90.0,2025-09-10 09:07:59
DMND,580.0,2025-09-10 09:07:59
PURA,34.0,2025-09-10 09:07:59
PTPW,935.0,2025-09-10 09:07:59
TAMA,35.0,2025-09-10 09:07:59
IKAN,129.0,2025-09-10 09:07:59
SAMF,330.0,2025-09-10 09:07:59
SBAT,1.0,2025-09-10 09:08:00
KBAG,36.0,2025-09-10 09:08:00
CBMF,50.0,2025-09-10 09:08:00
RONY,2990.0,2025-09-10 09:08:00
CSMI,372.0,2025-09-10 09:08:00
BBSS,270.0,2025-09-10 09:08:00
BHAT,885.0,2025-09-10 09:08:00
CASH,91.0,2025-09-10 09:08:01
TECH,50.0,2025-09-10 09:08:01
EPAC,30.0,2025-09-10 09:08:01
UANG,1060.0,2025-09-10 09:08:01
PGUN,3850.0,2025-09-10 09:08:01
SOFA,53.0,2025-09-10 09:08:01
PPGL,104.0,2025-09-10 09:08:01
TOYS,8.0,2025-09-10 09:08:01
SGER,330.0,2025-09-10 09:08:02
TRJA,136.0,2025-09-10 09:08:02
PNGO,2350.0,2025-09-10 09:08:02
SCNP,188.0,2025-09-10 09:08:02
BBSI,4020.0,2025-09-10 09:08:02
KMDS,625.0,2025-09-10 09:08:02
PURI,187.0,2025-09-10 09:08:03
SOHO,745.0,2025-09-10 09:08:03
HOMI,208.0,2025-09-10 09:08:03
ROCK,550.0,2025-09-10 09:08:03
ENZO,36.0,2025-09-10 09:08:03
PLAN,55.0,2025-09-10 09:08:03
PTDU,16.0,2025-09-10 09:08:03
ATAP,48.0,2025-09-10 09:08:03
VICI,615.0,2025-09-10 09:08:04
PMMP,50.0,2025-09-10 09:08:04
WIFI,2570.0,2025-09-10 09:08:04
FAPA,6025.0,2025-09-10 09:08:04
DCII,315000.0,2025-09-10 09:08:04
KETR,665.0,2025-09-10 09:08:04
DGNS,142.0,2025-09-10 09:08:04
UFOE,175.0,2025-09-10 09:08:05
BANK,800.0,2025-09-10 09:08:05
WMUU,19.0,2025-09-10 09:08:05
EDGE,4250.0,2025-09-10 09:08:05
UNIQ,360.0,2025-09-10 09:08:05
BEBS,5.0,2025-09-10 09:08:05
SNLK,472.0,2025-09-10 09:08:05
ZYRX,145.0,2025-09-10 09:08:05
LFLO,248.0,2025-09-10 09:08:06
FIMP,69.0,2025-09-10 09:08:06
TAPG,1480.0,2025-09-10 09:08:06
NPGF,61.0,2025-09-10 09:08:06
LUCY,92.0,2025-09-10 09:08:06
ADCP,58.0,2025-09-10 09:08:06
HOPE,133.0,2025-09-10 09:08:06
MGLV,1050.0,2025-09-10 09:08:06
TRUE,49.0,2025-09-10 09:08:07
LABA,358.0,2025-09-10 09:08:07
ARCI,940.0,2025-09-10 09:08:07
IPAC,146.0,2025-09-10 09:08:07
MASB,3270.0,2025-09-10 09:08:07
BMHS,180.0,2025-09-10 09:08:07
FLMC,195.0,2025-09-10 09:08:07
NICL,1020.0,2025-09-10 09:08:08
UVCR,73.0,2025-09-10 09:08:08
BUKA,169.0,2025-09-10 09:08:08
HAIS,189.0,2025-09-10 09:08:08
OILS,131.0,2025-09-10 09:08:08
GPSO,272.0,2025-09-10 09:08:08
MCOL,3710.0,2025-09-10 09:08:08
RSGK,980.0,2025-09-10 09:08:08
RUNS,115.0,2025-09-10 09:08:09
SBMA,133.0,2025-09-10 09:08:09
CMNT,810.0,2025-09-10 09:08:09
GTSI,85.0,2025-09-10 09:08:09
IDEA,81.0,2025-09-10 09:08:09
KUAS,69.0,2025-09-10 09:08:09
BOBA,177.0,2025-09-10 09:08:09
MTEL,595.0,2025-09-10 09:08:10
DEPO,216.0,2025-09-10 09:08:10
BINO,121.0,2025-09-10 09:08:10
CMRY,4750.0,2025-09-10 09:08:10
WGSH,178.0,2025-09-10 09:08:10
TAYS,77.0,2025-09-10 09:08:10
WMPP,12.0,2025-09-10 09:08:10
RMKE,965.0,2025-09-10 09:08:11
OBMD,274.0,2025-09-10 09:08:11
AVIA,426.0,2025-09-10 09:08:11
IPPE,14.0,2025-09-10 09:08:11
NASI,88.0,2025-09-10 09:08:11
BSML,104.0,2025-09-10 09:08:11
DRMA,1000.0,2025-09-10 09:08:11
ADMR,990.0,2025-09-10 09:08:11
SEMA,98.0,2025-09-10 09:08:12
ASLC,101.0,2025-09-10 09:08:12
NETV,131.0,2025-09-10 09:08:12
BAUT,37.0,2025-09-10 09:08:12
ENAK,700.0,2025-09-10 09:08:12
NTBK,59.0,2025-09-10 09:08:12
SMKM,155.0,2025-09-10 09:08:12
STAA,1035.0,2025-09-10 09:08:13
NANO,73.0,2025-09-10 09:08:13
BIKE,1025.0,2025-09-10 09:08:13
WIRG,173.0,2025-09-10 09:08:13
SICO,117.0,2025-09-10 09:08:13
GOTO,57.0,2025-09-10 09:08:13
TLDN,705.0,2025-09-10 09:08:13
MTMH,1390.0,2025-09-10 09:08:14
WINR,31.0,2025-09-10 09:08:14
IBOS,44.0,2025-09-10 09:08:14
OLIV,76.0,2025-09-10 09:08:14
ASHA,42.0,2025-09-10 09:08:14
SWID,88.0,2025-09-10 09:08:14
TRGU,170.0,2025-09-10 09:08:15
ARKO,1210.0,2025-09-10 09:08:15
CHEM,92.0,2025-09-10 09:08:15
DEWI,105.0,2025-09-10 09:08:15
AXIO,126.0,2025-09-10 09:08:15
KRYA,184.0,2025-09-10 09:08:15
HATM,250.0,2025-09-10 09:08:15
RCCC,200.0,2025-09-10 09:08:15
GULA,334.0,2025-09-10 09:08:16
JARR,1665.0,2025-09-10 09:08:16
AMMS,234.0,2025-09-10 09:08:16
RAFI,15.0,2025-09-10 09:08:16
KKES,37.0,2025-09-10 09:08:16
ELPI,354.0,2025-09-10 09:08:16
EURO,290.0,2025-09-10 09:08:16
KLIN,193.0,2025-09-10 09:08:16
TOOL,61.0,2025-09-10 09:08:17
BUAH,1465.0,2025-09-10 09:08:17
CRAB,234.0,2025-09-10 09:08:17
MEDS,65.0,2025-09-10 09:08:17
COAL,56.0,2025-09-10 09:08:17
PRAY,665.0,2025-09-10 09:08:17
CBUT,1900.0,2025-09-10 09:08:17
BELI,356.0,2025-09-10 09:08:18
MKTR,129.0,2025-09-10 09:08:18
OMED,189.0,2025-09-10 09:08:18
BSBK,66.0,2025-09-10 09:08:18
PDPP,486.0,2025-09-10 09:08:18
KDTN,151.0,2025-09-10 09:08:18
ZATA,30.0,2025-09-10 09:08:19
NINE,310.0,2025-09-10 09:08:19
MMIX,330.0,2025-09-10 09:08:19
PADA,42.0,2025-09-10 09:08:19
ISAP,36.0,2025-09-10 09:08:19
VTNY,100.0,2025-09-10 09:08:19
SOUL,96.0,2025-09-10 09:08:19
ELIT,179.0,2025-09-10 09:08:20
BEER,104.0,2025-09-10 09:08:20
CBPE,190.0,2025-09-10 09:08:20
SUNI,790.0,2025-09-10 09:08:20
CBRE,384.0,2025-09-10 09:08:20
WINE,208.0,2025-09-10 09:08:20
BMBL,44.0,2025-09-10 09:08:20
PEVE,436.0,2025-09-10 09:08:20
LAJU,75.0,2025-09-10 09:08:21
FWCT,155.0,2025-09-10 09:08:21
NAYZ,110.0,2025-09-10 09:08:21
IRSX,127.0,2025-09-10 09:08:21
PACK,2330.0,2025-09-10 09:08:21
VAST,180.0,2025-09-10 09:08:21
CHIP,1365.0,2025-09-10 09:08:21
HALO,82.0,2025-09-10 09:08:22
KING,198.0,2025-09-10 09:08:22
PGEO,1390.0,2025-09-10 09:08:22
FUTR,280.0,2025-09-10 09:08:22
HILL,204.0,2025-09-10 09:08:22
BDKR,155.0,2025-09-10 09:08:22
PTMP,99.0,2025-09-10 09:08:22
SAGE,40.0,2025-09-10 09:08:23
TRON,90.0,2025-09-10 09:08:23
CUAN,1465.0,2025-09-10 09:08:23
NSSS,442.0,2025-09-10 09:08:23
GTRA,139.0,2025-09-10 09:08:23
HAJJ,120.0,2025-09-10 09:08:23
PIPA,200.0,2025-09-10 09:08:23
NCKL,1150.0,2025-09-10 09:08:23
MENN,59.0,2025-09-10 09:08:24
AWAN,250.0,2025-09-10 09:08:24
MBMA,432.0,2025-09-10 09:08:24
RAAM,286.0,2025-09-10 09:08:24
DOOH,147.0,2025-09-10 09:08:24
JATI,141.0,2025-09-10 09:08:24
TYRE,129.0,2025-09-10 09:08:24
MPXL,129.0,2025-09-10 09:08:25
SMIL,525.0,2025-09-10 09:08:25
KLAS,129.0,2025-09-10 09:08:25
MAXI,58.0,2025-09-10 09:08:25
VKTR,116.0,2025-09-10 09:08:25
RELF,55.0,2025-09-10 09:08:25
AMMN,7750.0,2025-09-10 09:08:25
CRSN,110.0,2025-09-10 09:08:26
GRPM,55.0,2025-09-10 09:08:26
WIDI,45.0,2025-09-10 09:08:26
TGUK,137.0,2025-09-10 09:08:26
INET,216.0,2025-09-10 09:08:26
MAHA,160.0,2025-09-10 09:08:26
RMKO,136.0,2025-09-10 09:08:26
CNMA,131.0,2025-09-10 09:08:27
FOLK,77.0,2025-09-10 09:08:27
HBAT,151.0,2025-09-10 09:08:27
GRIA,135.0,2025-09-10 09:08:27
PPRI,354.0,2025-09-10 09:08:27
ERAL,324.0,2025-09-10 09:08:27
CYBR,995.0,2025-09-10 09:08:27
MUTU,99.0,2025-09-10 09:08:27
LMAX,73.0,2025-09-10 09:08:28
HUMI,152.0,2025-09-10 09:08:28
MSIE,51.0,2025-09-10 09:08:28
RSCH,368.0,2025-09-10 09:08:28
BABY,304.0,2025-09-10 09:08:28
AEGS,39.0,2025-09-10 09:08:28
IOTF,92.0,2025-09-10 09:08:28
KOCI,59.0,2025-09-10 09:08:28
PTPS,166.0,2025-09-10 09:08:29
BREN,8525.0,2025-09-10 09:08:29
STRK,210.0,2025-09-10 09:08:29
KOKA,95.0,2025-09-10 09:08:29
LOPI,63.0,2025-09-10 09:08:29
UDNG,2330.0,2025-09-10 09:08:29
RGAS,113.0,2025-09-10 09:08:29
MSTI,1525.0,2025-09-10 09:08:29
IKPM,210.0,2025-09-10 09:08:29
AYAM,172.0,2025-09-10 09:08:30
SURI,123.0,2025-09-10 09:08:30
ASLI,50.0,2025-09-10 09:08:30
CGAS,151.0,2025-09-10 09:08:30
NICE,430.0,2025-09-10 09:08:30
MSJA,302.0,2025-09-10 09:08:30
SMLE,152.0,2025-09-10 09:08:31
ACRO,80.0,2025-09-10 09:08:31
MANG,51.0,2025-09-10 09:08:31
GRPH,64.0,2025-09-10 09:08:31
SMGA,109.0,2025-09-10 09:08:31
UNTD,85.0,2025-09-10 09:08:31
TOSK,60.0,2025-09-10 09:08:31
MPIX,69.0,2025-09-10 09:08:32
ALII,555.0,2025-09-10 09:08:32
MKAP,356.0,2025-09-10 09:08:32
MEJA,73.0,2025-09-10 09:08:32
LIVE,220.0,2025-09-10 09:08:32
HYGN,161.0,2025-09-10 09:08:32
BAIK,97.0,2025-09-10 09:08:32
VISI,141.0,2025-09-10 09:08:33
AREA,505.0,2025-09-10 09:08:33
MHKI,148.0,2025-09-10 09:08:33
ATLA,64.0,2025-09-10 09:08:33
DATA,4560.0,2025-09-10 09:08:33
SOLA,135.0,2025-09-10 09:08:34
BATR,114.0,2025-09-10 09:08:34
SPRE,77.0,2025-09-10 09:08:34
PART,123.0,2025-09-10 09:08:34
GOLF,212.0,2025-09-10 09:08:34
ISEA,104.0,2025-09-10 09:08:34
BLES,157.0,2025-09-10 09:08:34
GUNA,240.0,2025-09-10 09:08:34
LABS,140.0,2025-09-10 09:08:35
DOSS,199.0,2025-09-10 09:08:35
NEST,266.0,2025-09-10 09:08:35
PTMR,374.0,2025-09-10 09:08:35
VERN,127.0,2025-09-10 09:08:35
DAAZ,3030.0,2025-09-10 09:08:35
BOAT,126.0,2025-09-10 09:08:35
NAIK,137.0,2025-09-10 09:08:35
AADI,7100.0,2025-09-10 09:08:36
MDIY,1035.0,2025-09-10 09:08:36
KSIX,230.0,2025-09-10 09:08:36
RATU,5575.0,2025-09-10 09:08:36
YOII,96.0,2025-09-10 09:08:36
HGII,144.0,2025-09-10 09:08:36
BRRC,73.0,2025-09-10 09:08:36
DGWG,412.0,2025-09-10 09:08:36
CBDK,6025.0,2025-09-10 09:08:37
OBAT,454.0,2025-09-10 09:08:37
MINE,560.0,2025-09-10 09:08:37
ASPR,94.0,2025-09-10 09:08:37
PSAT,1335.0,2025-09-10 09:08:37
COIN,2380.0,2025-09-10 09:08:37
CDIA,1325.0,2025-09-10 09:08:37
BLOG,610.0,2025-09-10 09:08:37
MERI,216.0,2025-09-10 09:08:38
CHEK,199.0,2025-09-10 09:08:38
PMUI,129.0,2025-09-10 09:08:38
KAQI,68.0,2025-09-10 09:08:38
YUPI,1590.0,2025-09-10 09:08:38
FORE,510.0,2025-09-10 09:08:38
MDLA,248.0,2025-09-10 09:08:38
DKHH,102.0,2025-09-10 09:08:38
AYLS,100.0,2025-09-10 09:08:38
DADA,50.0,2025-09-10 09:08:39
ASPI,500.0,2025-09-10 09:08:39
ESTA,73.0,2025-09-10 09:08:39
BESS,1040.0,2025-09-10 09:08:39
AMAN,118.0,2025-09-10 09:08:39
CARE,300.0,2025-09-10 09:08:39
AALI,7425.0,2025-09-10 09:09:09
ABBA,43.0,2025-09-10 09:09:10
ABDA,3400.0,2025-09-10 09:09:10
ABMM,2910.0,2025-09-10 09:09:10
ACES,424.0,2025-09-10 09:09:10
ACST,135.0,2025-09-10 09:09:10
ADES,14000.0,2025-09-10 09:09:10
ADHI,278.0,2025-09-10 09:09:11
ADMF,8900.0,2025-09-10 09:09:11
ADMG,144.0,2025-09-10 09:09:11
ADRO,1690.0,2025-09-10 09:09:11
AGII,775.0,2025-09-10 09:09:11
AGRO,228.0,2025-09-10 09:09:11
AGRS,74.0,2025-09-10 09:09:11
AHAP,75.0,2025-09-10 09:09:12
AIMS,320.0,2025-09-10 09:09:12
AISA,120.0,2025-09-10 09:09:12
AKKU,27.0,2025-09-10 09:09:12
AKPI,570.0,2025-09-10 09:09:12
AKRA,1220.0,2025-09-10 09:09:12
AKSI,232.0,2025-09-10 09:09:13
ALDO,492.0,2025-09-10 09:09:13
ALKA,318.0,2025-09-10 09:09:13
ALMI,74.0,2025-09-10 09:09:13
ALTO,18.0,2025-09-10 09:09:13
AMAG,362.0,2025-09-10 09:09:13
AMFG,3290.0,2025-09-10 09:09:13
AMIN,250.0,2025-09-10 09:09:14
AMRT,2040.0,2025-09-10 09:09:14
ANJT,1795.0,2025-09-10 09:09:14
ANTM,3580.0,2025-09-10 09:09:14
APEX,124.0,2025-09-10 09:09:14
APIC,1125.0,2025-09-10 09:09:14
APII,180.0,2025-09-10 09:09:14
APLI,472.0,2025-09-10 09:09:15
APLN,102.0,2025-09-10 09:09:15
ARGO,1300.0,2025-09-10 09:09:15
ARII,260.0,2025-09-10 09:09:15
ARNA,560.0,2025-09-10 09:09:15
ARTA,3240.0,2025-09-10 09:09:15
ARTI,2.0,2025-09-10 09:09:15
ARTO,1980.0,2025-09-10 09:09:15
ASBI,462.0,2025-09-10 09:09:16
ASDM,530.0,2025-09-10 09:09:16
ASGR,1220.0,2025-09-10 09:09:16
ASII,5525.0,2025-09-10 09:09:16
ASJT,110.0,2025-09-10 09:09:16
ASMI,34.0,2025-09-10 09:09:16
ASRI,170.0,2025-09-10 09:09:16
ASRM,276.0,2025-09-10 09:09:17
ASSA,910.0,2025-09-10 09:09:17
ATIC,442.0,2025-09-10 09:09:17
AUTO,2430.0,2025-09-10 09:09:17
BABP,59.0,2025-09-10 09:09:17
BACA,135.0,2025-09-10 09:09:18
BAJA,120.0,2025-09-10 09:09:18
BALI,1340.0,2025-09-10 09:09:18
BAPA,87.0,2025-09-10 09:09:18
BATA,52.0,2025-09-10 09:09:18
BAYU,1250.0,2025-09-10 09:09:18
BBCA,7550.0,2025-09-10 09:09:18
BBHI,1465.0,2025-09-10 09:09:19
BBKP,74.0,2025-09-10 09:09:19
BBLD,930.0,2025-09-10 09:09:19
BBMD,2110.0,2025-09-10 09:09:19
BBNI,4100.0,2025-09-10 09:09:19
BBRI,3820.0,2025-09-10 09:09:19
BBRM,86.0,2025-09-10 09:09:19
BBTN,1205.0,2025-09-10 09:09:20
BBYB,320.0,2025-09-10 09:09:20
BCAP,69.0,2025-09-10 09:09:20
BCIC,170.0,2025-09-10 09:09:20
BCIP,98.0,2025-09-10 09:09:20
BDMN,2510.0,2025-09-10 09:09:20
BEKS,25.0,2025-09-10 09:09:20
BEST,114.0,2025-09-10 09:09:21
BFIN,750.0,2025-09-10 09:09:21
BGTG,105.0,2025-09-10 09:09:21
BHIT,34.0,2025-09-10 09:09:21
BIKA,55.0,2025-09-10 09:09:21
BIMA,69.0,2025-09-10 09:09:21
BINA,4450.0,2025-09-10 09:09:22
BIPI,78.0,2025-09-10 09:09:22
BIPP,47.0,2025-09-10 09:09:22
BIRD,1770.0,2025-09-10 09:09:22
BISI,875.0,2025-09-10 09:09:22
BJBR,765.0,2025-09-10 09:09:22
BJTM,510.0,2025-09-10 09:09:23
BKDP,38.0,2025-09-10 09:09:23
BKSL,131.0,2025-09-10 09:09:23
BKSW,67.0,2025-09-10 09:09:23
BLTA,40.0,2025-09-10 09:09:23
BLTZ,1800.0,2025-09-10 09:09:23
BMAS,675.0,2025-09-10 09:09:23
BMRI,4360.0,2025-09-10 09:09:23
BMSR,260.0,2025-09-10 09:09:24
BMTR,142.0,2025-09-10 09:09:24
BNBA,765.0,2025-09-10 09:09:24
BNBR,37.0,2025-09-10 09:09:24
BNGA,1695.0,2025-09-10 09:09:24
BNII,208.0,2025-09-10 09:09:24
BNLI,3070.0,2025-09-10 09:09:24
BOLT,1055.0,2025-09-10 09:09:25
BPFI,336.0,2025-09-10 09:09:25
BPII,585.0,2025-09-10 09:09:25
BRAM,5100.0,2025-09-10 09:09:25
BRMS,505.0,2025-09-10 09:09:25
BRNA,710.0,2025-09-10 09:09:25
BRPT,2210.0,2025-09-10 09:09:25
BSDE,1090.0,2025-09-10 09:09:26
BSIM,875.0,2025-09-10 09:09:26
BSSR,3900.0,2025-09-10 09:09:26
BSWD,1410.0,2025-09-10 09:09:26
BTEK,18.0,2025-09-10 09:09:26
BTEL,50.0,2025-09-10 09:09:26
BTON,380.0,2025-09-10 09:09:26
BTPN,2100.0,2025-09-10 09:09:26
BUDI,214.0,2025-09-10 09:09:27
BUKK,860.0,2025-09-10 09:09:27
BULL,152.0,2025-09-10 09:09:27
BUMI,111.0,2025-09-10 09:09:27
BUVA,360.0,2025-09-10 09:09:27
BVIC,105.0,2025-09-10 09:09:27
BWPT,144.0,2025-09-10 09:09:27
BYAN,17925.0,2025-09-10 09:09:28
CANI,40.0,2025-09-10 09:09:28
CASS,2490.0,2025-09-10 09:09:28
CEKA,2660.0,2025-09-10 09:09:28
CENT,116.0,2025-09-10 09:09:28
CFIN,316.0,2025-09-10 09:09:28
CINT,160.0,2025-09-10 09:09:28
CITA,4100.0,2025-09-10 09:09:29
CLPI,1235.0,2025-09-10 09:09:29
CMNP,1350.0,2025-09-10 09:09:29
CMPP,93.0,2025-09-10 09:09:29
CNKO,98.0,2025-09-10 09:09:29
CNTX,142.0,2025-09-10 09:09:29
COWL,50.0,2025-09-10 09:09:29
CPIN,4510.0,2025-09-10 09:09:30
CPRO,55.0,2025-09-10 09:09:30
CSAP,292.0,2025-09-10 09:09:30
CTBN,5125.0,2025-09-10 09:09:30
CTRA,945.0,2025-09-10 09:09:30
CTTH,39.0,2025-09-10 09:09:30
DART,154.0,2025-09-10 09:09:30
DEFI,324.0,2025-09-10 09:09:31
DEWA,222.0,2025-09-10 09:09:31
DGIK,95.0,2025-09-10 09:09:31
DILD,133.0,2025-09-10 09:09:31
DKFT,715.0,2025-09-10 09:09:31
DLTA,1970.0,2025-09-10 09:09:31
DMAS,136.0,2025-09-10 09:09:31
DNAR,117.0,2025-09-10 09:09:32
DNET,9050.0,2025-09-10 09:09:32
DOID,366.0,2025-09-10 09:09:32
DPNS,312.0,2025-09-10 09:09:32
DSFI,79.0,2025-09-10 09:09:32
DSNG,1850.0,2025-09-10 09:09:32
DSSA,108000.0,2025-09-10 09:09:32
DUTI,4400.0,2025-09-10 09:09:33
DVLA,1615.0,2025-09-10 09:09:33
DYAN,88.0,2025-09-10 09:09:33
ECII,181.0,2025-09-10 09:09:33
EKAD,188.0,2025-09-10 09:09:33
ELSA,492.0,2025-09-10 09:09:33
ELTY,17.0,2025-09-10 09:09:34
EMDE,94.0,2025-09-10 09:09:34
EMTK,1260.0,2025-09-10 09:09:34
ENRG,610.0,2025-09-10 09:09:34
EPMT,2280.0,2025-09-10 09:09:34
ERAA,446.0,2025-09-10 09:09:34
ERTX,120.0,2025-09-10 09:09:34
ESSA,625.0,2025-09-10 09:09:35
ESTI,52.0,2025-09-10 09:09:35
ETWA,70.0,2025-09-10 09:09:35
EXCL,2580.0,2025-09-10 09:09:35
FAST,314.0,2025-09-10 09:09:35
FASW,5312.4970703125,2025-09-10 09:09:35
FISH,1035.0,2025-09-10 09:09:35
FMII,370.0,2025-09-10 09:09:35
FORU,1160.0,2025-09-10 09:09:36
FPNI,194.0,2025-09-10 09:09:36
GAMA,18.0,2025-09-10 09:09:36
GDST,106.0,2025-09-10 09:09:36
GDYR,1150.0,2025-09-10 09:09:36
GEMA,112.0,2025-09-10 09:09:36
GEMS,9000.0,2025-09-10 09:09:36
GGRM,8900.0,2025-09-10 09:09:37
GIAA,67.0,2025-09-10 09:09:37
GJTL,1010.0,2025-09-10 09:09:37
GLOB,57.0,2025-09-10 09:09:37
GMTD,2190.0,2025-09-10 09:09:37
GOLD,272.0,2025-09-10 09:09:37
GOLL,50.0,2025-09-10 09:09:37
GPRA,128.0,2025-09-10 09:09:38
GSMF,96.0,2025-09-10 09:09:38
GTBO,195.0,2025-09-10 09:09:38
GWSA,152.0,2025-09-10 09:09:38
GZCO,206.0,2025-09-10 09:09:38
HADE,39.0,2025-09-10 09:09:38
HDFA,121.0,2025-09-10 09:09:38
HERO,394.0,2025-09-10 09:09:38
HEXA,5425.0,2025-09-10 09:09:39
HITS,116.0,2025-09-10 09:09:39
HMSP,565.0,2025-09-10 09:09:39
HOME,50.0,2025-09-10 09:09:39
HOTL,50.0,2025-09-10 09:09:39
HRUM,1090.0,2025-09-10 09:09:39
IATA,62.0,2025-09-10 09:09:39
IBFN,27.0,2025-09-10 09:09:39
IBST,5575.0,2025-09-10 09:09:40
ICBP,9225.0,2025-09-10 09:09:40
ICON,47.0,2025-09-10 09:09:40
IGAR,510.0,2025-09-10 09:09:40
IIKP,50.0,2025-09-10 09:09:40
IKAI,26.0,2025-09-10 09:09:40
IKBI,498.0,2025-09-10 09:09:40
IMAS,1080.0,2025-09-10 09:09:41
IMJS,230.0,2025-09-10 09:09:41
IMPC,1400.0,2025-09-10 09:09:41
INAF,126.0,2025-09-10 09:09:41
INAI,155.0,2025-09-10 09:09:41
INCI,600.0,2025-09-10 09:09:41
INCO,3960.0,2025-09-10 09:09:42
INDF,7375.0,2025-09-10 09:09:42
INDR,2580.0,2025-09-10 09:09:42
INDS,220.0,2025-09-10 09:09:42
INDX,86.0,2025-09-10 09:09:42
INDY,1900.0,2025-09-10 09:09:42
INKP,7700.0,2025-09-10 09:09:42
INPC,165.0,2025-09-10 09:09:42
INPP,800.0,2025-09-10 09:09:43
INRU,735.0,2025-09-10 09:09:43
INTA,23.0,2025-09-10 09:09:43
INTD,199.0,2025-09-10 09:09:43
INTP,6925.0,2025-09-10 09:09:43
IPOL,137.0,2025-09-10 09:09:43
ISAT,1850.0,2025-09-10 09:09:43
ISSP,408.0,2025-09-10 09:09:44
ITMA,1070.0,2025-09-10 09:09:44
ITMG,22325.0,2025-09-10 09:09:44
JAWA,145.0,2025-09-10 09:09:44
JECC,1070.0,2025-09-10 09:09:44
JIHD,650.0,2025-09-10 09:09:44
JKON,83.0,2025-09-10 09:09:44
JPFA,1780.0,2025-09-10 09:09:45
JRPT,810.0,2025-09-10 09:09:45
JSMR,3390.0,2025-09-10 09:09:45
JSPT,3930.0,2025-09-10 09:09:45
JTPE,320.0,2025-09-10 09:09:45
KAEF,492.0,2025-09-10 09:09:45
KARW,625.0,2025-09-10 09:09:46
KBLI,374.0,2025-09-10 09:09:46
KBLM,376.0,2025-09-10 09:09:46
KBLV,244.0,2025-09-10 09:09:46
KBRI,50.0,2025-09-10 09:09:46
KDSI,460.0,2025-09-10 09:09:46
KIAS,21.0,2025-09-10 09:09:46
KICI,137.0,2025-09-10 09:09:47
KIJA,196.0,2025-09-10 09:09:47
KKGI,322.0,2025-09-10 09:09:47
KLBF,1140.0,2025-09-10 09:09:47
KOBX,138.0,2025-09-10 09:09:47
KOIN,73.0,2025-09-10 09:09:47
KONI,1950.0,2025-09-10 09:09:47
KOPI,334.0,2025-09-10 09:09:48
KPIG,197.0,2025-09-10 09:09:48
KRAS,296.0,2025-09-10 09:09:48
KREN,17.0,2025-09-10 09:09:48
LAPD,118.0,2025-09-10 09:09:48
LCGP,114.0,2025-09-10 09:09:48
LEAD,75.0,2025-09-10 09:09:48
LINK,2700.0,2025-09-10 09:09:48
LION,600.0,2025-09-10 09:09:49
LMAS,50.0,2025-09-10 09:09:49
LMPI,142.0,2025-09-10 09:09:49
LMSH,256.0,2025-09-10 09:09:49
LPCK,600.0,2025-09-10 09:09:49
LPGI,450.0,2025-09-10 09:09:49
LPIN,400.0,2025-09-10 09:09:49
LPKR,101.0,2025-09-10 09:09:50
LPLI,306.0,2025-09-10 09:09:50
LPPF,1565.0,2025-09-10 09:09:50
LPPS,78.0,2025-09-10 09:09:50
LRNA,169.0,2025-09-10 09:09:50
LSIP,1355.0,2025-09-10 09:09:50
LTLS,830.0,2025-09-10 09:09:50
MAGP,50.0,2025-09-10 09:09:50
MAIN,680.0,2025-09-10 09:09:51
MAPI,1115.0,2025-09-10 09:09:51
MASA,6200.0,2025-09-10 09:09:51
MAYA,224.0,2025-09-10 09:09:51
MBAP,1585.0,2025-09-10 09:09:51
MBSS,1560.0,2025-09-10 09:09:51
MBTO,123.0,2025-09-10 09:09:51
MCOR,75.0,2025-09-10 09:09:52
MDIA,41.0,2025-09-10 09:09:52
MDKA,2700.0,2025-09-10 09:09:52
MDLN,66.0,2025-09-10 09:09:52
MDRN,33.0,2025-09-10 09:09:52
MEDC,1240.0,2025-09-10 09:09:52
MEGA,3320.0,2025-09-10 09:09:52
MERK,2810.0,2025-09-10 09:09:52
META,238.0,2025-09-10 09:09:53
MFIN,985.0,2025-09-10 09:09:53
MFMI,1300.0,2025-09-10 09:09:53
MGNA,50.0,2025-09-10 09:09:53
MICE,488.0,2025-09-10 09:09:53
MIDI,452.0,2025-09-10 09:09:53
MIKA,2350.0,2025-09-10 09:09:53
MIRA,65.0,2025-09-10 09:09:53
MITI,362.0,2025-09-10 09:09:54
MKPI,24950.0,2025-09-10 09:09:54
MLBI,5800.0,2025-09-10 09:09:54
MLIA,352.0,2025-09-10 09:09:54
MLPL,138.0,2025-09-10 09:09:54
MLPT,72500.0,2025-09-10 09:09:54
MMLP,530.0,2025-09-10 09:09:54
MNCN,254.0,2025-09-10 09:09:55
MPMX,945.0,2025-09-10 09:09:55
MPPA,69.0,2025-09-10 09:09:55
MRAT,224.0,2025-09-10 09:09:55
MREI,945.0,2025-09-10 09:09:55
MSKY,94.0,2025-09-10 09:09:55
MTDL,600.0,2025-09-10 09:09:55
MTFN,14.0,2025-09-10 09:09:55
MTLA,438.0,2025-09-10 09:09:56
MTSM,500.0,2025-09-10 09:09:56
MYOH,1770.0,2025-09-10 09:09:56
MYOR,2120.0,2025-09-10 09:09:56
MYTX,36.0,2025-09-10 09:09:56
NELY,346.0,2025-09-10 09:09:56
NIKL,228.0,2025-09-10 09:09:56
NIRO,126.0,2025-09-10 09:09:56
NISP,1350.0,2025-09-10 09:09:57
NOBU,545.0,2025-09-10 09:09:57
NRCA,1185.0,2025-09-10 09:09:57
OCAP,159.0,2025-09-10 09:09:57
OKAS,282.0,2025-09-10 09:09:57
OMRE,426.0,2025-09-10 09:09:57
PADI,74.0,2025-09-10 09:09:57
PALM,430.0,2025-09-10 09:09:57
PANR,745.0,2025-09-10 09:09:58
PANS,1370.0,2025-09-10 09:09:58
PBRX,46.0,2025-09-10 09:09:58
PDES,470.0,2025-09-10 09:09:58
PEGE,110.0,2025-09-10 09:09:58
PGAS,1725.0,2025-09-10 09:09:58
PGLI,187.0,2025-09-10 09:09:58
PICO,135.0,2025-09-10 09:09:59
PJAA,505.0,2025-09-10 09:09:59
PKPK,580.0,2025-09-10 09:09:59
PLAS,50.0,2025-09-10 09:09:59
PLIN,2510.0,2025-09-10 09:09:59
PNBN,1140.0,2025-09-10 09:09:59
PNBS,54.0,2025-09-10 09:09:59
PNIN,820.0,2025-09-10 09:10:00
PNLF,248.0,2025-09-10 09:10:00
PNSE,770.0,2025-09-10 09:10:00
POLY,29.0,2025-09-10 09:10:00
POOL,50.0,2025-09-10 09:10:00
PPRO,21.0,2025-09-10 09:10:00
PSAB,570.0,2025-09-10 09:10:00
PSDN,101.0,2025-09-10 09:10:00
PSKT,107.0,2025-09-10 09:10:01
PTBA,2400.0,2025-09-10 09:10:01
PTIS,402.0,2025-09-10 09:10:01
PTPP,350.0,2025-09-10 09:10:01
PTRO,3510.0,2025-09-10 09:10:01
PTSN,468.0,2025-09-10 09:10:02
PTSP,905.0,2025-09-10 09:10:02
PUDP,240.0,2025-09-10 09:10:02
PWON,364.0,2025-09-10 09:10:02
PYFA,490.0,2025-09-10 09:10:02
RAJA,2740.0,2025-09-10 09:10:03
RALS,386.0,2025-09-10 09:10:03
RANC,410.0,2025-09-10 09:10:03
RBMS,40.0,2025-09-10 09:10:03
RDTX,11875.0,2025-09-10 09:10:03
RELI,640.0,2025-09-10 09:10:03
RICY,71.0,2025-09-10 09:10:03
RIGS,815.0,2025-09-10 09:10:03
RIMO,50.0,2025-09-10 09:10:04
RODA,52.0,2025-09-10 09:10:04
ROTI,795.0,2025-09-10 09:10:04
RUIS,216.0,2025-09-10 09:10:04
SAFE,182.0,2025-09-10 09:10:04
SAME,306.0,2025-09-10 09:10:04
SCCO,2270.0,2025-09-10 09:10:04
SCMA,318.0,2025-09-10 09:10:05
SCPI,0.0,2025-09-10 09:10:05
SDMU,66.0,2025-09-10 09:10:05
SDPC,131.0,2025-09-10 09:10:05
SDRA,300.0,2025-09-10 09:10:05
SGRO,4540.0,2025-09-10 09:10:05
SHID,875.0,2025-09-10 09:10:05
SIDO,530.0,2025-09-10 09:10:06
SILO,2100.0,2025-09-10 09:10:06
SIMA,50.0,2025-09-10 09:10:06
SIMP,660.0,2025-09-10 09:10:06
SIPD,725.0,2025-09-10 09:10:06
SKBM,348.0,2025-09-10 09:10:06
SKLT,158.0,2025-09-10 09:10:06
SKYB,51.0,2025-09-10 09:10:06
SMAR,5275.0,2025-09-10 09:10:07
SMBR,292.0,2025-09-10 09:10:07
SMCB,775.0,2025-09-10 09:10:07
SMDM,805.0,2025-09-10 09:10:07
SMDR,326.0,2025-09-10 09:10:07
SMGR,2740.0,2025-09-10 09:10:07
SMMA,15775.0,2025-09-10 09:10:07
SMMT,1270.0,2025-09-10 09:10:07
SMRA,436.0,2025-09-10 09:10:08
SMRU,50.0,2025-09-10 09:10:08
SMSM,1920.0,2025-09-10 09:10:08
SOCI,190.0,2025-09-10 09:10:08
SONA,4110.0,2025-09-10 09:10:08
SPMA,280.0,2025-09-10 09:10:08
SQMI,43.0,2025-09-10 09:10:08
SRAJ,8500.0,2025-09-10 09:10:08
SRIL,146.0,2025-09-10 09:10:09
SRSN,73.0,2025-09-10 09:10:09
SRTG,2020.0,2025-09-10 09:10:09
SSIA,2170.0,2025-09-10 09:10:09
SSMS,1415.0,2025-09-10 09:10:09
SSTM,312.0,2025-09-10 09:10:09
STAR,56.0,2025-09-10 09:10:09
STTP,10100.0,2025-09-10 09:10:10
SUGI,50.0,2025-09-10 09:10:10
SULI,93.0,2025-09-10 09:10:10
SUPR,43850.0,2025-09-10 09:10:10
TALF,404.0,2025-09-10 09:10:10
TARA,39.0,2025-09-10 09:10:11
TAXI,16.0,2025-09-10 09:10:11
TBIG,1855.0,2025-09-10 09:10:11
TBLA,730.0,2025-09-10 09:10:11
TBMS,1005.0,2025-09-10 09:10:11
TCID,2410.0,2025-09-10 09:10:11
TELE,9.0,2025-09-10 09:10:11
TFCO,498.0,2025-09-10 09:10:12
TGKA,5700.0,2025-09-10 09:10:12
TIFA,394.0,2025-09-10 09:10:12
TINS,1115.0,2025-09-10 09:10:12
TIRA,1485.0,2025-09-10 09:10:12
TIRT,44.0,2025-09-10 09:10:12
TKIM,7350.0,2025-09-10 09:10:12
TLKM,3070.0,2025-09-10 09:10:13
TMAS,135.0,2025-09-10 09:10:13
TMPO,177.0,2025-09-10 09:10:13
TOBA,1290.0,2025-09-10 09:10:13
TOTL,775.0,2025-09-10 09:10:13
TOTO,258.0,2025-09-10 09:10:13
TOWR,590.0,2025-09-10 09:10:14
TPIA,7650.0,2025-09-10 09:10:14
TPMA,580.0,2025-09-10 09:10:14
TRAM,50.0,2025-09-10 09:10:14
TRIL,50.0,2025-09-10 09:10:14
TRIM,358.0,2025-09-10 09:10:14
TRIO,426.0,2025-09-10 09:10:14
TRIS,181.0,2025-09-10 09:10:14
TRST,498.0,2025-09-10 09:10:15
TRUS,474.0,2025-09-10 09:10:15
TSPC,2230.0,2025-09-10 09:10:15
ULTJ,1275.0,2025-09-10 09:10:15
UNIC,7900.0,2025-09-10 09:10:15
UNIT,316.0,2025-09-10 09:10:15
UNSP,163.0,2025-09-10 09:10:16
UNTR,27000.0,2025-09-10 09:10:16
UNVR,1670.0,2025-09-10 09:10:16
VICO,180.0,2025-09-10 09:10:16
VINS,122.0,2025-09-10 09:10:16
VIVA,34.0,2025-09-10 09:10:16
VOKS,250.0,2025-09-10 09:10:16
VRNA,86.0,2025-09-10 09:10:16
WAPO,198.0,2025-09-10 09:10:16
WEHA,114.0,2025-09-10 09:10:17
WICO,123.0,2025-09-10 09:10:17
WIIM,820.0,2025-09-10 09:10:17
WIKA,204.0,2025-09-10 09:10:17
WINS,402.0,2025-09-10 09:10:17
WOMF,338.0,2025-09-10 09:10:17
WSKT,202.0,2025-09-10 09:10:17
WTON,109.0,2025-09-10 09:10:18
YPAS,354.0,2025-09-10 09:10:18
YULE,2700.0,2025-09-10 09:10:18
ZBRA,50.0,2025-09-10 09:10:18
SHIP,4600.0,2025-09-10 09:10:18
CASA,1130.0,2025-09-10 09:10:18
DAYA,1015.0,2025-09-10 09:10:18
DPUM,69.0,2025-09-10 09:10:18
IDPR,244.0,2025-09-10 09:10:19
JGLE,15.0,2025-09-10 09:10:19
KINO,1135.0,2025-09-10 09:10:19
MARI,36.0,2025-09-10 09:10:19
MKNT,1.0,2025-09-10 09:10:19
MTRA,244.0,2025-09-10 09:10:19
OASA,254.0,2025-09-10 09:10:19
POWR,695.0,2025-09-10 09:10:20
INCF,38.0,2025-09-10 09:10:20
WSBP,39.0,2025-09-10 09:10:20
PBSA,860.0,2025-09-10 09:10:20
PRDA,2660.0,2025-09-10 09:10:20
BOGA,570.0,2025-09-10 09:10:20
BRIS,2510.0,2025-09-10 09:10:20
PORT,915.0,2025-09-10 09:10:20
CARS,137.0,2025-09-10 09:10:21
MINA,171.0,2025-09-10 09:10:21
CLEO,515.0,2025-09-10 09:10:21
TAMU,27.0,2025-09-10 09:10:21
CSIS,135.0,2025-09-10 09:10:21
TGRA,27.0,2025-09-10 09:10:21
FIRE,83.0,2025-09-10 09:10:21
TOPS,1.0,2025-09-10 09:10:21
KMTR,296.0,2025-09-10 09:10:22
ARMY,50.0,2025-09-10 09:10:22
MAPB,1680.0,2025-09-10 09:10:22
WOOD,360.0,2025-09-10 09:10:22
HRTA,845.0,2025-09-10 09:10:22
MABA,50.0,2025-09-10 09:10:22
HOKI,79.0,2025-09-10 09:10:22
MPOW,117.0,2025-09-10 09:10:23
MARK,625.0,2025-09-10 09:10:23
NASA,41.0,2025-09-10 09:10:23
MDKI,160.0,2025-09-10 09:10:23
BELL,63.0,2025-09-10 09:10:23
KIOS,84.0,2025-09-10 09:10:23
GMFI,58.0,2025-09-10 09:10:23
MTWI,378.0,2025-09-10 09:10:23
ZINC,26.0,2025-09-10 09:10:24
MCAS,770.0,2025-09-10 09:10:24
PPRE,101.0,2025-09-10 09:10:24
WEGE,73.0,2025-09-10 09:10:24
PSSI,344.0,2025-09-10 09:10:24
MORA,440.0,2025-09-10 09:10:24
DWGL,222.0,2025-09-10 09:10:24
PBID,486.0,2025-09-10 09:10:25
JMAS,148.0,2025-09-10 09:10:25
CAMP,216.0,2025-09-10 09:10:25
IPCM,292.0,2025-09-10 09:10:25
PCAR,41.0,2025-09-10 09:10:25
LCKM,210.0,2025-09-10 09:10:25
BOSS,50.0,2025-09-10 09:10:25
HELI,246.0,2025-09-10 09:10:25
JSKY,52.0,2025-09-10 09:10:26
INPS,115.0,2025-09-10 09:10:26
GHON,1615.0,2025-09-10 09:10:26
TDPM,119.0,2025-09-10 09:10:26
DFAM,75.0,2025-09-10 09:10:26
NICK,1320.0,2025-09-10 09:10:26
BTPS,1410.0,2025-09-10 09:10:26
SPTO,670.0,2025-09-10 09:10:27
PRIM,84.0,2025-09-10 09:10:27
HEAL,1715.0,2025-09-10 09:10:27
TRUK,228.0,2025-09-10 09:10:27
PZZA,216.0,2025-09-10 09:10:27
TUGU,965.0,2025-09-10 09:10:27
MSIN,610.0,2025-09-10 09:10:28
SWAT,16.0,2025-09-10 09:10:28
TNCA,162.0,2025-09-10 09:10:28
MAPA,595.0,2025-09-10 09:10:28
TCPI,5775.0,2025-09-10 09:10:28
IPCC,1115.0,2025-09-10 09:10:28
RISE,1100.0,2025-09-10 09:10:28
BPTR,93.0,2025-09-10 09:10:29
POLL,112.0,2025-09-10 09:10:29
NFCX,1750.0,2025-09-10 09:10:29
MGRO,710.0,2025-09-10 09:10:29
NUSA,50.0,2025-09-10 09:10:29
FILM,3890.0,2025-09-10 09:10:29
ANDI,30.0,2025-09-10 09:10:29
LAND,37.0,2025-09-10 09:10:30
MOLI,230.0,2025-09-10 09:10:30
PANI,13375.0,2025-09-10 09:10:30
DIGI,32.0,2025-09-10 09:10:30
CITY,102.0,2025-09-10 09:10:30
SAPX,302.0,2025-09-10 09:10:30
SURE,2850.0,2025-09-10 09:10:30
HKMU,50.0,2025-09-10 09:10:30
MPRO,4490.0,2025-09-10 09:10:31
DUCK,176.0,2025-09-10 09:10:31
GOOD,372.0,2025-09-10 09:10:31
SKRN,402.0,2025-09-10 09:10:31
YELO,53.0,2025-09-10 09:10:31
CAKK,140.0,2025-09-10 09:10:31
SATU,238.0,2025-09-10 09:10:31
SOSS,1015.0,2025-09-10 09:10:32
DEAL,6.0,2025-09-10 09:10:32
POLA,28.0,2025-09-10 09:10:32
DIVA,119.0,2025-09-10 09:10:32
LUCK,77.0,2025-09-10 09:10:32
URBN,134.0,2025-09-10 09:10:32
SOTS,260.0,2025-09-10 09:10:32
ZONE,740.0,2025-09-10 09:10:32
PEHA,326.0,2025-09-10 09:10:33
FOOD,129.0,2025-09-10 09:10:33
BEEF,332.0,2025-09-10 09:10:33
POLI,725.0,2025-09-10 09:10:33
CLAY,1545.0,2025-09-10 09:10:33
NATO,130.0,2025-09-10 09:10:33
JAYA,99.0,2025-09-10 09:10:33
COCO,456.0,2025-09-10 09:10:33
MTPS,45.0,2025-09-10 09:10:34
CPRI,50.0,2025-09-10 09:10:34
HRME,39.0,2025-09-10 09:10:34
POSA,50.0,2025-09-10 09:10:34
JAST,96.0,2025-09-10 09:10:34
FITT,565.0,2025-09-10 09:10:34
BOLA,188.0,2025-09-10 09:10:34
CCSI,380.0,2025-09-10 09:10:34
SFAN,1910.0,2025-09-10 09:10:35
POLU,13950.0,2025-09-10 09:10:35
KJEN,127.0,2025-09-10 09:10:35
KAYU,18.0,2025-09-10 09:10:35
ITIC,236.0,2025-09-10 09:10:35
PAMG,74.0,2025-09-10 09:10:35
IPTV,40.0,2025-09-10 09:10:35
BLUE,318.0,2025-09-10 09:10:35
ENVY,50.0,2025-09-10 09:10:36
EAST,94.0,2025-09-10 09:10:36
LIFE,15400.0,2025-09-10 09:10:36
FUJI,408.0,2025-09-10 09:10:36
KOTA,30.0,2025-09-10 09:10:36
INOV,94.0,2025-09-10 09:10:36
ARKA,37.0,2025-09-10 09:10:36
SMKL,166.0,2025-09-10 09:10:37
HDIT,59.0,2025-09-10 09:10:37
KEEN,820.0,2025-09-10 09:10:37
BAPI,27.0,2025-09-10 09:10:37
TFAS,141.0,2025-09-10 09:10:37
GGRP,222.0,2025-09-10 09:10:37
OPMS,80.0,2025-09-10 09:10:37
NZIA,96.0,2025-09-10 09:10:37
SLIS,85.0,2025-09-10 09:10:38
PURE,51.0,2025-09-10 09:10:38
IRRA,428.0,2025-09-10 09:10:38
DMMX,384.0,2025-09-10 09:10:38
SINI,3740.0,2025-09-10 09:10:38
WOWS,77.0,2025-09-10 09:10:38
ESIP,45.0,2025-09-10 09:10:38
TEBE,1780.0,2025-09-10 09:10:38
KEJU,610.0,2025-09-10 09:10:39
PSGO,204.0,2025-09-10 09:10:39
AGAR,250.0,2025-09-10 09:10:39
IFSH,850.0,2025-09-10 09:10:39
REAL,63.0,2025-09-10 09:10:39
IFII,238.0,2025-09-10 09:10:39
PMJS,119.0,2025-09-10 09:10:39
UCID,464.0,2025-09-10 09:10:40
GLVA,326.0,2025-09-10 09:10:40
PGJO,915.0,2025-09-10 09:10:40
AMAR,206.0,2025-09-10 09:10:40
CSRA,860.0,2025-09-10 09:10:40
INDO,236.0,2025-09-10 09:10:40
AMOR,468.0,2025-09-10 09:10:40
TRIN,90.0,2025-09-10 09:10:41
DMND,570.0,2025-09-10 09:10:41
PURA,34.0,2025-09-10 09:10:41
PTPW,940.0,2025-09-10 09:10:41
TAMA,35.0,2025-09-10 09:10:41
IKAN,131.0,2025-09-10 09:10:41
SAMF,330.0,2025-09-10 09:10:41
SBAT,1.0,2025-09-10 09:10:41
KBAG,36.0,2025-09-10 09:10:42
CBMF,50.0,2025-09-10 09:10:42
RONY,2990.0,2025-09-10 09:10:42
CSMI,372.0,2025-09-10 09:10:42
BBSS,270.0,2025-09-10 09:10:42
BHAT,885.0,2025-09-10 09:10:42
CASH,91.0,2025-09-10 09:10:42
TECH,50.0,2025-09-10 09:10:43
EPAC,30.0,2025-09-10 09:10:43
UANG,1325.0,2025-09-10 09:10:43
PGUN,3850.0,2025-09-10 09:10:43
SOFA,54.0,2025-09-10 09:10:43
PPGL,104.0,2025-09-10 09:10:43
TOYS,8.0,2025-09-10 09:10:43
SGER,330.0,2025-09-10 09:10:43
TRJA,136.0,2025-09-10 09:10:44
PNGO,2350.0,2025-09-10 09:10:44
SCNP,188.0,2025-09-10 09:10:44
BBSI,4020.0,2025-09-10 09:10:44
KMDS,625.0,2025-09-10 09:10:44
PURI,187.0,2025-09-10 09:10:44
SOHO,745.0,2025-09-10 09:10:44
HOMI,208.0,2025-09-10 09:10:45
ROCK,550.0,2025-09-10 09:10:45
ENZO,36.0,2025-09-10 09:10:45
PLAN,53.0,2025-09-10 09:10:45
PTDU,16.0,2025-09-10 09:10:45
ATAP,48.0,2025-09-10 09:10:45
VICI,615.0,2025-09-10 09:10:45
PMMP,50.0,2025-09-10 09:10:46
WIFI,2550.0,2025-09-10 09:10:46
FAPA,6025.0,2025-09-10 09:10:46
DCII,310000.0,2025-09-10 09:10:46
KETR,670.0,2025-09-10 09:10:46
DGNS,140.0,2025-09-10 09:10:46
UFOE,180.0,2025-09-10 09:10:46
BANK,785.0,2025-09-10 09:10:47
WMUU,19.0,2025-09-10 09:10:47
EDGE,4230.0,2025-09-10 09:10:47
UNIQ,360.0,2025-09-10 09:10:47
BEBS,5.0,2025-09-10 09:10:47
SNLK,472.0,2025-09-10 09:10:47
ZYRX,145.0,2025-09-10 09:10:47
LFLO,224.0,2025-09-10 09:10:47
FIMP,69.0,2025-09-10 09:10:48
TAPG,1460.0,2025-09-10 09:10:48
NPGF,61.0,2025-09-10 09:10:48
LUCY,92.0,2025-09-10 09:10:48
ADCP,58.0,2025-09-10 09:10:48
HOPE,133.0,2025-09-10 09:10:48
MGLV,1050.0,2025-09-10 09:10:48
TRUE,49.0,2025-09-10 09:10:48
LABA,358.0,2025-09-10 09:10:49
ARCI,920.0,2025-09-10 09:10:49
IPAC,146.0,2025-09-10 09:10:49
MASB,3270.0,2025-09-10 09:10:49
BMHS,180.0,2025-09-10 09:10:49
FLMC,195.0,2025-09-10 09:10:49
NICL,1000.0,2025-09-10 09:10:49
UVCR,73.0,2025-09-10 09:10:50
BUKA,169.0,2025-09-10 09:10:50
HAIS,189.0,2025-09-10 09:10:50
OILS,131.0,2025-09-10 09:10:50
GPSO,272.0,2025-09-10 09:10:50
MCOL,3710.0,2025-09-10 09:10:50
RSGK,980.0,2025-09-10 09:10:50
RUNS,115.0,2025-09-10 09:10:50
SBMA,133.0,2025-09-10 09:10:51
CMNT,815.0,2025-09-10 09:10:51
GTSI,88.0,2025-09-10 09:10:51
IDEA,82.0,2025-09-10 09:10:51
KUAS,70.0,2025-09-10 09:10:51
BOBA,178.0,2025-09-10 09:10:51
MTEL,595.0,2025-09-10 09:10:51
DEPO,224.0,2025-09-10 09:10:51
BINO,121.0,2025-09-10 09:10:51
CMRY,4670.0,2025-09-10 09:10:52
WGSH,174.0,2025-09-10 09:10:52
TAYS,77.0,2025-09-10 09:10:52
WMPP,12.0,2025-09-10 09:10:52
RMKE,965.0,2025-09-10 09:10:52
OBMD,262.0,2025-09-10 09:10:52
AVIA,428.0,2025-09-10 09:10:52
IPPE,14.0,2025-09-10 09:10:52
NASI,88.0,2025-09-10 09:10:53
BSML,104.0,2025-09-10 09:10:53
DRMA,1000.0,2025-09-10 09:10:53
ADMR,995.0,2025-09-10 09:10:53
SEMA,98.0,2025-09-10 09:10:53
ASLC,99.0,2025-09-10 09:10:53
NETV,131.0,2025-09-10 09:10:53
BAUT,37.0,2025-09-10 09:10:53
ENAK,700.0,2025-09-10 09:10:54
NTBK,60.0,2025-09-10 09:10:54
SMKM,155.0,2025-09-10 09:10:54
STAA,1035.0,2025-09-10 09:10:54
NANO,66.0,2025-09-10 09:10:54
BIKE,1025.0,2025-09-10 09:10:54
WIRG,173.0,2025-09-10 09:10:54
SICO,118.0,2025-09-10 09:10:54
GOTO,57.0,2025-09-10 09:10:55
TLDN,705.0,2025-09-10 09:10:55
MTMH,1350.0,2025-09-10 09:10:55
WINR,31.0,2025-09-10 09:10:55
IBOS,43.0,2025-09-10 09:10:55
OLIV,74.0,2025-09-10 09:10:55
ASHA,42.0,2025-09-10 09:10:55
SWID,89.0,2025-09-10 09:10:56
TRGU,170.0,2025-09-10 09:10:56
ARKO,1210.0,2025-09-10 09:10:56
CHEM,90.0,2025-09-10 09:10:56
DEWI,106.0,2025-09-10 09:10:56
AXIO,126.0,2025-09-10 09:10:56
KRYA,184.0,2025-09-10 09:10:56
HATM,250.0,2025-09-10 09:10:57
RCCC,204.0,2025-09-10 09:10:57
GULA,334.0,2025-09-10 09:10:57
JARR,1665.0,2025-09-10 09:10:57
AMMS,230.0,2025-09-10 09:10:57
RAFI,15.0,2025-09-10 09:10:57
KKES,37.0,2025-09-10 09:10:57
ELPI,354.0,2025-09-10 09:10:58
EURO,292.0,2025-09-10 09:10:58
KLIN,193.0,2025-09-10 09:10:58
TOOL,60.0,2025-09-10 09:10:58
BUAH,1470.0,2025-09-10 09:10:58
CRAB,234.0,2025-09-10 09:10:58
MEDS,64.0,2025-09-10 09:10:58
COAL,56.0,2025-09-10 09:10:58
PRAY,680.0,2025-09-10 09:10:59
CBUT,1900.0,2025-09-10 09:10:59
BELI,356.0,2025-09-10 09:10:59
MKTR,129.0,2025-09-10 09:10:59
OMED,189.0,2025-09-10 09:10:59
BSBK,65.0,2025-09-10 09:10:59
PDPP,486.0,2025-09-10 09:10:59
KDTN,150.0,2025-09-10 09:10:59
ZATA,30.0,2025-09-10 09:11:00
NINE,310.0,2025-09-10 09:11:00
MMIX,334.0,2025-09-10 09:11:00
PADA,42.0,2025-09-10 09:11:00
ISAP,33.0,2025-09-10 09:11:00
VTNY,100.0,2025-09-10 09:11:00
SOUL,89.0,2025-09-10 09:11:00
ELIT,180.0,2025-09-10 09:11:00
BEER,98.0,2025-09-10 09:11:01
CBPE,190.0,2025-09-10 09:11:01
SUNI,790.0,2025-09-10 09:11:01
CBRE,368.0,2025-09-10 09:11:01
WINE,214.0,2025-09-10 09:11:01
BMBL,41.0,2025-09-10 09:11:01
PEVE,436.0,2025-09-10 09:11:01
LAJU,76.0,2025-09-10 09:11:01
FWCT,155.0,2025-09-10 09:11:01
NAYZ,110.0,2025-09-10 09:11:02
IRSX,127.0,2025-09-10 09:11:02
PACK,2280.0,2025-09-10 09:11:02
VAST,180.0,2025-09-10 09:11:02
CHIP,1365.0,2025-09-10 09:11:02
HALO,83.0,2025-09-10 09:11:02
KING,198.0,2025-09-10 09:11:02
PGEO,1395.0,2025-09-10 09:11:02
FUTR,276.0,2025-09-10 09:11:03
HILL,202.0,2025-09-10 09:11:03
BDKR,154.0,2025-09-10 09:11:03
PTMP,96.0,2025-09-10 09:11:03
SAGE,40.0,2025-09-10 09:11:03
TRON,91.0,2025-09-10 09:11:03
CUAN,1445.0,2025-09-10 09:11:03
NSSS,446.0,2025-09-10 09:11:03
GTRA,139.0,2025-09-10 09:11:03
HAJJ,120.0,2025-09-10 09:11:04
PIPA,190.0,2025-09-10 09:11:04
NCKL,1115.0,2025-09-10 09:11:04
MENN,62.0,2025-09-10 09:11:04
AWAN,250.0,2025-09-10 09:11:04
MBMA,430.0,2025-09-10 09:11:04
RAAM,288.0,2025-09-10 09:11:04
DOOH,146.0,2025-09-10 09:11:04
JATI,139.0,2025-09-10 09:11:05
TYRE,130.0,2025-09-10 09:11:05
MPXL,129.0,2025-09-10 09:11:05
SMIL,535.0,2025-09-10 09:11:05
KLAS,130.0,2025-09-10 09:11:05
MAXI,59.0,2025-09-10 09:11:05
VKTR,118.0,2025-09-10 09:11:05
RELF,50.0,2025-09-10 09:11:06
AMMN,7725.0,2025-09-10 09:11:06
CRSN,110.0,2025-09-10 09:11:06
GRPM,55.0,2025-09-10 09:11:06
WIDI,41.0,2025-09-10 09:11:06
TGUK,137.0,2025-09-10 09:11:06
INET,214.0,2025-09-10 09:11:06
MAHA,154.0,2025-09-10 09:11:06
RMKO,136.0,2025-09-10 09:11:07
CNMA,131.0,2025-09-10 09:11:07
FOLK,81.0,2025-09-10 09:11:07
HBAT,151.0,2025-09-10 09:11:07
GRIA,134.0,2025-09-10 09:11:07
PPRI,354.0,2025-09-10 09:11:07
ERAL,328.0,2025-09-10 09:11:07
CYBR,995.0,2025-09-10 09:11:07
MUTU,99.0,2025-09-10 09:11:08
LMAX,74.0,2025-09-10 09:11:08
HUMI,149.0,2025-09-10 09:11:08
MSIE,51.0,2025-09-10 09:11:08
RSCH,374.0,2025-09-10 09:11:08
BABY,304.0,2025-09-10 09:11:08
AEGS,38.0,2025-09-10 09:11:08
IOTF,93.0,2025-09-10 09:11:08
KOCI,61.0,2025-09-10 09:11:09
PTPS,163.0,2025-09-10 09:11:09
BREN,8475.0,2025-09-10 09:11:09
STRK,210.0,2025-09-10 09:11:09
KOKA,95.0,2025-09-10 09:11:09
LOPI,63.0,2025-09-10 09:11:09
UDNG,2330.0,2025-09-10 09:11:09
RGAS,112.0,2025-09-10 09:11:09
MSTI,1530.0,2025-09-10 09:11:10
IKPM,210.0,2025-09-10 09:11:10
AYAM,172.0,2025-09-10 09:11:10
SURI,123.0,2025-09-10 09:11:10
ASLI,50.0,2025-09-10 09:11:10
CGAS,153.0,2025-09-10 09:11:10
NICE,434.0,2025-09-10 09:11:10
MSJA,302.0,2025-09-10 09:11:10
SMLE,152.0,2025-09-10 09:11:10
ACRO,81.0,2025-09-10 09:11:11
MANG,47.0,2025-09-10 09:11:11
GRPH,64.0,2025-09-10 09:11:11
SMGA,106.0,2025-09-10 09:11:11
UNTD,86.0,2025-09-10 09:11:11
TOSK,60.0,2025-09-10 09:11:11
MPIX,69.0,2025-09-10 09:11:11
ALII,560.0,2025-09-10 09:11:11
MKAP,356.0,2025-09-10 09:11:12
MEJA,69.0,2025-09-10 09:11:12
LIVE,212.0,2025-09-10 09:11:12
HYGN,161.0,2025-09-10 09:11:12
BAIK,97.0,2025-09-10 09:11:12
VISI,141.0,2025-09-10 09:11:12
AREA,510.0,2025-09-10 09:11:12
MHKI,148.0,2025-09-10 09:11:12
ATLA,64.0,2025-09-10 09:11:13
DATA,4560.0,2025-09-10 09:11:13
SOLA,136.0,2025-09-10 09:11:13
BATR,115.0,2025-09-10 09:11:13
SPRE,77.0,2025-09-10 09:11:13
PART,121.0,2025-09-10 09:11:13
GOLF,212.0,2025-09-10 09:11:13
ISEA,100.0,2025-09-10 09:11:13
BLES,157.0,2025-09-10 09:11:13
GUNA,240.0,2025-09-10 09:11:14
LABS,141.0,2025-09-10 09:11:14
DOSS,210.0,2025-09-10 09:11:14
NEST,270.0,2025-09-10 09:11:14
PTMR,374.0,2025-09-10 09:11:14
VERN,127.0,2025-09-10 09:11:14
DAAZ,3030.0,2025-09-10 09:11:14
BOAT,131.0,2025-09-10 09:11:15
NAIK,138.0,2025-09-10 09:11:15
AADI,7075.0,2025-09-10 09:11:15
MDIY,1030.0,2025-09-10 09:11:15
KSIX,230.0,2025-09-10 09:11:15
RATU,5625.0,2025-09-10 09:11:15
YOII,95.0,2025-09-10 09:11:15
HGII,143.0,2025-09-10 09:11:15
BRRC,73.0,2025-09-10 09:11:16
DGWG,414.0,2025-09-10 09:11:16
CBDK,6125.0,2025-09-10 09:11:16
OBAT,454.0,2025-09-10 09:11:16
MINE,560.0,2025-09-10 09:11:16
ASPR,94.0,2025-09-10 09:11:16
PSAT,1335.0,2025-09-10 09:11:16
COIN,2380.0,2025-09-10 09:11:17
CDIA,1335.0,2025-09-10 09:11:17
BLOG,595.0,2025-09-10 09:11:17
MERI,212.0,2025-09-10 09:11:17
CHEK,198.0,2025-09-10 09:11:17
PMUI,129.0,2025-09-10 09:11:17
KAQI,68.0,2025-09-10 09:11:17
YUPI,1590.0,2025-09-10 09:11:17
FORE,515.0,2025-09-10 09:11:18
MDLA,246.0,2025-09-10 09:11:18
DKHH,102.0,2025-09-10 09:11:18
AYLS,100.0,2025-09-10 09:11:18
DADA,50.0,2025-09-10 09:11:18
ASPI,500.0,2025-09-10 09:11:18
ESTA,74.0,2025-09-10 09:11:18
BESS,1040.0,2025-09-10 09:11:18
AMAN,118.0,2025-09-10 09:11:19
CARE,300.0,2025-09-10 09:11:19
